Status,Question,Intention,Keyword,Note
MATCH,집에서 쓰는 건데 뭐 하나 없을까요?,생활용 다용도 소품 추천 / 수납용품 추천,가정용품,"MATCH | The extracted keyword ""가정용품"" (household items) is relevant as it encompasses a wide range of products that can include 생활용 다용도 소품 (multi-purpose living items) and 수납용품 (storage items), aligning well with the user's intention for recommendations."
MISMATCH,이거 좀 안 흘리게 하는 거 있어요?,밀폐용기 / 컵뚜껑 / 흘림방지 마개 구매,방수 제품,"MISMATCH | The extracted keyword ""방수 제품"" (waterproof product) does not specifically address the user's intention of finding a container or lid that prevents spilling. The intention is focused on specific items like ""밀폐용기"" (sealed container), ""컵뚜껑"" (cup lid), or ""흘림방지 마개"" (spill-proof stopper), which are more relevant to the user's request."
MISMATCH,그… 여기 어디에 그런 거 있죠?,매장 위치 안내 요청 / 특정 소품 탐색,제품,"MISMATCH | The extracted keyword ""제품"" (product) is too general and does not specifically address the user's request for the location of a specific item or store. The user's intention is to inquire about the location of a particular item, which is not captured by the broad term ""제품."""
MATCH,자취하면 하나쯤 있어야 하는 거 뭐 있어요?,자취 필수템(수납함·청소도구·주방소품) 추천,주방용품,"MATCH | The extracted keyword ""주방용품"" (kitchen supplies) is relevant to the target intention of recommending essential items for living alone, as it falls under the category of kitchen items that are typically considered necessary for a household."
MISMATCH,이거 계속 넘어져서 짜증 나는데 붙이는 거 없나요?,미끄럼 방지 패드 / 논슬립 패치 구매,붙이는 것,"MISMATCH | The extracted keyword ""붙이는 것"" (something to stick) is too vague and does not specifically refer to the desired product of ""미끄럼 방지 패드"" (anti-slip pads) or ""논슬립 패치"" (non-slip patches). It does not directly indicate the intention to find a specific solution for preventing slipping."
MISMATCH,애가 자꾸 만져서 위험한데 막는 거 있어요?,안전가드 / 콘센트 커버 / 문손잡이 보호대 구매,막이,"MISMATCH | The extracted keyword ""막이"" does not directly relate to the specific products mentioned in the target intention, such as ""안전가드,"" ""콘센트 커버,"" or ""문손잡이 보호대."" It is too vague and does not help in finding the intended safety products."
MISMATCH,물기 닦는 거 말고 다른 방법 없어요?,흡수 매트 / 물기 제거 패드 구매,타올,"MISMATCH | The extracted keyword ""타올"" (towel) does not directly match the target intention of purchasing ""흡수 매트"" (absorbent mat) or ""물기 제거 패드"" (water removal pad). While a towel can be used for drying, it is not the same as the specific products mentioned in the intention."
MATCH,가방 안에서 이거저거 안 섞이게 하는 거 있나요?,파우치 / 가방 정리 인서트 구매,파우치,"MATCH | The extracted keyword ""파우치"" directly relates to the user's intention of finding a product that helps organize items in a bag, as a pouch is a common solution for keeping items separated and organized."
MATCH,여름에 쓰는 건데 겨울엔 안 쓰는 거요,계절용품(선풍기·쿨방석·모기용품) 탐색,여름용품,"MATCH | The extracted keyword ""여름용품"" (summer products) aligns well with the target intention of exploring seasonal items used in summer, such as fans, cool cushions, and mosquito products. It captures the essence of the user's inquiry about items specifically used in summer and not in winter."
MISMATCH,이거 좀 더 편하게 쓰는 방법 없어요?,보조도구 / 인체공학 소품 추천,편리한 사용법,"MISMATCH | The extracted keyword ""편리한 사용법"" (convenient usage method) focuses on how to use something more easily, rather than directly seeking recommendations for ergonomic tools or accessories, which is the target intention."
MATCH,집에 있으면 은근히 유용한 거 뭐 있어요?,생활 편의용품 추천,유용한 물건,"MATCH | The extracted keyword ""유용한 물건"" (useful items) aligns well with the target intention of recommending ""생활 편의용품"" (lifestyle convenience products), as it encompasses a broad range of useful household items that could be considered convenient."
MISMATCH,이거 자꾸 떨어지는데 고정하는 거 있나요?,양면테이프 / 고정 패드 구매,고정기,"MISMATCH | The extracted keyword ""고정기"" (which translates to ""fixing device"" or ""fastener"") is too vague and does not specifically relate to the intention of purchasing ""양면테이프"" (double-sided tape) or ""고정 패드"" (fixing pads). The user is looking for specific products to secure something that keeps falling, and ""고정기"" does not directly lead to those products."
MATCH,씻고 나와서 바닥 안 미끄럽게 하는 거 있어요?,욕실 미끄럼 방지 매트 구매,바닥 미끄럼 방지제,"MATCH | The extracted keyword ""바닥 미끄럼 방지제"" (floor anti-slip agent) is relevant to the user's intention of purchasing a ""욕실 미끄럼 방지 매트"" (bathroom anti-slip mat). Both terms relate to preventing slipping on the floor, which aligns with the user's inquiry about making the floor less slippery after washing."
MATCH,차 안에 두면 좋은 거 뭐 있어요?,차량용 방향제 / 차량 정리용품 추천,차량용 용품,"MATCH | The extracted keyword ""차량용 용품"" is a broad term that encompasses various products for vehicles, including the recommended items like 차량용 방향제 (car air freshener) and 차량 정리용품 (car organization products). Therefore, it aligns well with the user's intention."
MATCH,여행 갈 때 하나쯤 사두면 좋은 거 있어요?,여행용 파우치 / 목베개 / 수면안대 추천,여행용품,"MATCH | The keyword ""여행용품"" (travel goods) is a broad term that encompasses various travel-related items, including the specific products mentioned in the target intention (travel pouches, neck pillows, sleep masks). Therefore, it is a reasonable search term to fulfill the user's intention."
MISMATCH,애 키우는 집에서 많이 사는 거 뭐에요?,유아 안전용품 / 수납함 / 놀이매트 추천,애완용품,"MISMATCH | The extracted keyword ""애완용품"" refers to pet supplies, which is not relevant to the user's intention of finding products related to child safety, storage solutions, or play mats for infants."
MATCH,이거 계속 젖는데 안 젖게 하는 거 있어요?,방수커버 / 방수 파우치 구매,방수 제품,"MATCH | The extracted keyword ""방수 제품"" (waterproof product) is relevant and aligns with the user's intention of purchasing a waterproof cover or pouch, as it encompasses the general category of products that would prevent getting wet."
MATCH,냄새 안 나게 하는 거 뭐 있어요?,탈취제 / 방향제 구매,탈취제,"MATCH | The extracted keyword ""탈취제"" (deodorant) directly relates to the user's intention of purchasing a product that prevents odors, which aligns with the target intention of ""탈취제 / 방향제 구매"" (purchase of deodorants / air fresheners)."
MATCH,이거 보관 좀 잘하는 방법 없어요?,수납박스 / 정리함 구매,보관함,"MATCH | The extracted keyword ""보관함"" (storage box) is relevant and aligns well with the target intention of purchasing ""수납박스 / 정리함"" (storage box / organizer). It directly relates to the user's inquiry about methods for proper storage, indicating a search for products that can help with organization."
MATCH,가끔 필요할 때 쓰는 그런 거 있어요?,멀티툴 / 다용도 소품 추천,용품,"MATCH | The extracted keyword ""용품"" (which means ""items"" or ""supplies"") is relevant to the user's intention of seeking recommendations for a multi-tool or versatile items, as it encompasses a broad category of products that could include multi-tools."
MATCH,정리 좀 쉽게 하는 거 뭐 없어요?,수납 정리함 / 바스켓 구매,정리함,"MATCH | The extracted keyword ""정리함"" (which translates to ""organizer"" or ""storage box"") is relevant and aligns well with the target intention of purchasing a ""수납 정리함"" (storage organizer) or ""바스켓"" (basket). It directly relates to the user's request for easier organization solutions."
MISMATCH,이거 자꾸 엉키는데 풀기 귀찮아서요,케이블 정리 클립 / 이어폰 케이스 구매,풀기,"MISMATCH | The extracted keyword ""풀기"" (which means ""to untangle"") does not directly relate to the products described in the target intention, which are ""케이블 정리 클립"" (cable organizing clips) and ""이어폰 케이스"" (earphone case). The intention is focused on purchasing items for organization, while the keyword suggests a need for a solution to a problem rather than a product search."
MISMATCH,붙여두면 좋은 거 뭐 있어요?,다용도 후크 / 양면테이프 구매,붙여두면 좋은 것,"MISMATCH | The extracted keyword ""붙여두면 좋은 것"" (things that are good to stick) is too vague and does not specifically refer to the products mentioned in the target intention, which are ""다용도 후크"" (multi-purpose hooks) and ""양면테이프"" (double-sided tape). The keyword does not directly lead to finding these specific items."
MISMATCH,열 받지 않게 하는 거 있어요?,내열 패드 / 손잡이 커버 구매,열 받지 않게 하는 제품,"MISMATCH | The extracted keyword ""열 받지 않게 하는 제품"" does not specifically indicate a desire to purchase a ""내열 패드"" or ""손잡이 커버."" It is more general and does not directly align with the specific products mentioned in the target intention."
MATCH,아이가 넘어질까 봐 깔아두는 거 있어요?,놀이매트 / 미끄럼 방지 매트 구매,매트,"MATCH | The extracted keyword ""매트"" (mat) is relevant as it directly relates to the user's intention of purchasing a ""놀이매트"" (play mat) or ""미끄럼 방지 매트"" (non-slip mat). It captures the essence of the products being sought."
MISMATCH,문 닫힐 때 소리 안 나게 하는 거 있나요?,문충격 방지 패드 구매,방음패드,"MISMATCH | The extracted keyword ""방음패드"" (soundproof pad) does not directly match the target intention of purchasing ""문충격 방지 패드"" (door impact prevention pad). While both relate to sound reduction, the specific intention is focused on preventing noise from the door closing, which is more accurately described by the term ""문충격 방지 패드."""
MATCH,바람 막는 거 같은 거 있어요?,문풍지 / 틈새막이 구매,바람막이,"MATCH | The extracted keyword ""바람막이"" (which translates to ""wind blocker"") is relevant to the user's intention of purchasing ""문풍지"" (draft stopper) or ""틈새막이"" (gap filler). Both terms relate to products that prevent wind from entering through gaps, making ""바람막이"" a suitable search term for finding these types of products."
MATCH,비 오는 날 쓰는 건데 이름을 모르겠어요,우산용품 / 신발 방수커버 구매,우산,"MATCH | The keyword ""우산"" (umbrella) is relevant to the user's intention of purchasing rain-related products, as it directly relates to items used on a rainy day. However, it does not encompass the full scope of the intention, which includes waterproof shoe covers. Nonetheless, it is a reasonable search term for finding products related to the user's needs."
MISMATCH,이거 너무 미끄러워서요,논슬립 패드 / 미끄럼 방지 테이프 구매,미끄럼 방지 매트,"MISMATCH | The extracted keyword ""미끄럼 방지 매트"" refers to a non-slip mat, which is not the same as a non-slip pad or anti-slip tape that the user intends to purchase. The intention specifically mentions purchasing a non-slip pad or tape, making the extracted keyword not fully aligned with the user's intention."
MATCH,하나로 여러 번 쓰는 거 뭐 있어요?,다용도 클리너 / 멀티툴 추천,멀티툴,"MATCH | The extracted keyword ""멀티툴"" (multitool) aligns well with the target intention of recommending a versatile cleaner or multitool, as it directly relates to the concept of a multifunctional tool that can be used for various purposes."
MATCH,집에 놓아두면 계속 쓰게 되는 거 있어요?,생활 편의소품 추천,소품,"MATCH | The extracted keyword ""소품"" (which means ""items"" or ""accessories"") is relevant to the target intention of recommending ""생활 편의소품"" (lifestyle convenience items). It captures the essence of the user's inquiry about items that can be used at home for convenience."
MISMATCH,이거 자꾸 흘러서 짜증 나요,컵뚜껑 / 흘림방지 용기 구매,제품,"MISMATCH | The extracted keyword ""제품"" (product) is too vague and does not specifically relate to the user's intention of finding a ""컵뚜껑"" (cup lid) or ""흘림방지 용기"" (spill-proof container). It does not help in narrowing down the search to the specific items the user is looking for."
MATCH,가방 안에서 안 부딪히게 하는 거 있나요?,완충 파우치 / 정리 인서트 구매,파우치,"MATCH | The extracted keyword ""파우치"" (pouch) is relevant as it relates to the intention of purchasing a ""완충 파우치"" (cushion pouch) which is designed to prevent items from colliding inside a bag."
MISMATCH,이거 너무 작아서 자꾸 잃어버려요,미니 케이스 / 네임택 구매,작은 물건,"MISMATCH | The extracted keyword ""작은 물건"" (small item) is too vague and does not specifically relate to the intention of purchasing a ""미니 케이스"" (mini case) or ""네임택"" (name tag). It does not directly help in finding the specific products mentioned in the target intention."
MISMATCH,어디다 두면 안 보이게 숨겨둘 수 있어요?,숨김 수납함 / 틈새 수납함 구매,숨김용품,"MISMATCH | The extracted keyword ""숨김용품"" (hidden items) does not specifically refer to the type of storage solutions (숨김 수납함 / 틈새 수납함) that the user intends to purchase. It is too broad and does not directly align with the user's intention of finding specific hidden storage options."
MATCH,이거 정리 안 하면 집이 더러워 보여서요,정리 바스켓 / 수납 트레이 구매,정리함,"MATCH | The extracted keyword ""정리함"" (which translates to ""organizer"" or ""storage box"") is relevant to the target intention of purchasing a ""정리 바스켓"" (organizing basket) or ""수납 트레이"" (storage tray). Both the extracted keyword and the target intention relate to organizing and storage solutions, making it a suitable search term."
MATCH,애 손 안 닿게 하는 거 있어요?,안전 잠금장치 / 상부 수납함 구매,애 손 안 닿게 하는 거,"MATCH | The extracted keyword ""애 손 안 닿게 하는 거"" aligns with the user's intention of finding a safety locking device or upper storage box, as it directly addresses the concern of keeping children safe and out of reach."
MATCH,물기 많은 데 써도 되는 거 있어요?,방수 소품 / 욕실용품 구매,타올,"MATCH | The keyword ""타올"" (towel) is relevant because towels are often used in wet environments like bathrooms, and they can be considered a water-resistant item. This aligns with the user's intention of looking for waterproof or bathroom-related products."
MISMATCH,이거 좀 덜 귀찮게 하는 방법 없어요?,자동 디스펜서 / 편의도구 추천,방법,"MISMATCH | The extracted keyword ""방법"" (meaning ""method"" or ""way"") is too vague and does not specifically relate to the intention of recommending an ""automatic dispenser"" or ""convenience tools."" It does not help in finding the specific products described in the target intention."
MATCH,집에서 많이 쓰는 그거 있잖아요,베스트셀러 생활용품 추천,생활용품,"MATCH | The extracted keyword ""생활용품"" (household goods) aligns well with the target intention of recommending best-selling household products, as it encompasses a broad range of items that are commonly used at home."
MISMATCH,자주 안 쓰는데 없으면 불편한 거 뭐에요?,비상용 생활소품 추천,제품,"MISMATCH | The extracted keyword ""제품"" (product) is too vague and does not specifically relate to the intention of recommending emergency household items. The intention is looking for specific items that are not frequently used but are necessary in emergencies, while ""제품"" does not convey that specificity."
MISMATCH,이거 들고 다니기 편하게 하는 거 있어요?,휴대용 파우치 / 스트랩 구매,가방,"MISMATCH | The extracted keyword ""가방"" (bag) does not specifically address the user's intention of finding a ""휴대용 파우치"" (portable pouch) or ""스트랩"" (strap). While a bag may be related to carrying items, it does not directly match the specific products the user is looking for."
MATCH,더 깔끔하게 보이게 하는 거 있어요?,정리함 / 커버형 수납함 구매,정리함,"MATCH | The extracted keyword ""정리함"" directly relates to the user's intention of purchasing a ""정리함 / 커버형 수납함,"" as it refers to a storage or organizing box, which aligns with the goal of making things look cleaner."
MATCH,냄새 오래 잡아주는 거 있어요?,장시간 탈취제 구매,탈취제,"MATCH | The extracted keyword ""탈취제"" (deodorant) is relevant and aligns well with the target intention of purchasing a product that provides long-lasting odor removal. It directly addresses the user's inquiry about a product that can keep odors at bay for an extended period."
MISMATCH,붙여놨다가 떼도 자국 안 남는 거 있어요?,무자국 후크 / 제거형 양면테이프 구매,스티커,"MISMATCH | The extracted keyword ""스티커"" (sticker) does not align with the user's intention of finding a product that leaves no residue, such as a ""무자국 후크"" (no-mark hook) or ""제거형 양면테이프"" (removable double-sided tape). Stickers typically adhere permanently or leave residue when removed, which does not match the user's request."
MISMATCH,여름용이랑 겨울용 다른 거 있어요?,계절용 생활소품 추천,의류,"MISMATCH | The extracted keyword ""의류"" (clothing) does not directly relate to the intention of recommending seasonal lifestyle products, which could include a variety of items beyond just clothing. The user's question implies a broader interest in seasonal products, not limited to apparel."
MISMATCH,애들 있는 집에서 필수템 뭐에요?,유아 안전용품 / 놀이매트 추천,필수템,"MISMATCH | The extracted keyword ""필수템"" (essential items) is too vague and does not specifically point to the intended products of ""유아 안전용품"" (child safety products) or ""놀이매트"" (play mats). It does not directly help in finding the specific items mentioned in the target intention."
MISMATCH,집에서 은근히 스트레스 줄여주는 거 있어요?,정리용품 / 방향제 추천,스트레스 완화 제품,"MISMATCH | The extracted keyword ""스트레스 완화 제품"" (stress relief products) is too broad and does not specifically align with the user's intention of seeking recommendations for ""정리용품"" (organizing products) or ""방향제"" (air fresheners). The intention is focused on specific types of products, while the extracted keyword encompasses a wider range of stress relief items."
MISMATCH,이거 자꾸 굴러가요,논슬립 트레이 / 고정 패드 구매,공기,"MISMATCH | The extracted keyword ""공기"" (air) is irrelevant to the user's intention of purchasing a non-slip tray or fixing pad. It does not relate to the product needed to prevent items from rolling."
MISMATCH,어디에 놔야 안 걸리적거려요?,벽걸이 수납함 / 후크 구매,정리함,"MISMATCH | The extracted keyword ""정리함"" (organizer) is too general and does not specifically indicate a wall-mounted storage solution or hooks, which are the intended products in the user's question."
MISMATCH,이거 계속 더러워져서요,보호커버 / 덮개 구매,청소용품,"MISMATCH | The extracted keyword ""청소용품"" (cleaning supplies) does not directly relate to the intention of purchasing a ""보호커버 / 덮개"" (protective cover / lid). The user's concern about something getting dirty suggests they are looking for a protective solution rather than cleaning products."
MATCH,물 새는 거 막는 거 있어요?,방수테이프 / 실리콘 패치 구매,방수 테이프,"MATCH | The extracted keyword ""방수 테이프"" directly relates to the user's intention of purchasing a waterproof tape or silicone patch, as it is a specific product that can help prevent leaks."
MISMATCH,애가 물고 빨아도 괜찮은 거 있어요?,유아용 실리콘 소품 구매,장난감,"MISMATCH | The extracted keyword ""장난감"" (toy) is too broad and does not specifically indicate a silicone product suitable for infants, which is the target intention of purchasing ""유아용 실리콘 소품"" (infant silicone items)."
MATCH,집에서 좀 고급져 보이게 하는 거 있어요?,인테리어 소품 / 무드등 추천,인테리어 소품,"MATCH | The extracted keyword ""인테리어 소품"" aligns well with the target intention of recommending decorative items or mood lights to enhance the ambiance at home. It is relevant to the user's request for something that makes their home look more upscale."
MATCH,이거 냄새 배는 거 막는 거 있어요?,탈취 패드 / 방취 커버 구매,탈취제,"MATCH | The extracted keyword ""탈취제"" (deodorant) is relevant as it relates to the intention of purchasing a product that prevents odors, such as ""탈취 패드"" (deodorizing pad) or ""방취 커버"" (odor-blocking cover). It captures the essence of the user's inquiry about preventing smells."
MISMATCH,눌러서 쓰는 거 말고 다른 거 있어요?,스프레이형 / 자동형 디스펜서 구매,다른 것,"MISMATCH | The extracted keyword ""다른 것"" is too vague and does not specifically relate to the intention of purchasing a ""스프레이형 / 자동형 디스펜서."" It does not help in identifying or finding the specific product type mentioned in the target intention."
MATCH,이거 떨어뜨리면 안 깨지게 하는 거 있어요?,완충 케이스 / 실리콘 커버 구매,보호대,"MATCH | The keyword ""보호대"" (which translates to ""protector"" or ""protection cover"") is relevant to the user's intention of finding a protective case or silicone cover to prevent damage when dropping an item. It aligns well with the concept of a protective accessory, thus fulfilling the intention."
MISMATCH,여기다 뭐 올려두는 거 있어요?,트레이 / 선반 구매,받침대,"MISMATCH | The extracted keyword ""받침대"" (which translates to ""stand"" or ""support"") does not directly relate to the intention of purchasing a ""트레이"" (tray) or ""선반"" (shelf). The intention is specifically about buying trays or shelves, while the keyword suggests a more general support item that may not fulfill the user's specific request."
MISMATCH,집에서 쓸데없이 자주 찾게 되는 거 있어요?,생활 편의소품 추천,잡화,"MISMATCH | The extracted keyword ""잡화"" (which translates to ""miscellaneous goods"") is too broad and does not specifically align with the intention of recommending ""생활 편의소품"" (lifestyle convenience items). The intention seeks specific suggestions for useful household items, while ""잡화"" could refer to a wide range of unrelated products."
MATCH,이거 안 보이게 가리는 거 있어요?,커버 / 가림막 구매,가리개,"MATCH | ""가리개"" is a synonym for a cover or something that conceals, which aligns well with the user's intention to purchase a cover or a遮挡物 (가림막)."
MISMATCH,애가 자꾸 열어서요,서랍 안전잠금장치 구매,열쇠,"MISMATCH | The extracted keyword ""열쇠"" (key) does not directly relate to the intention of purchasing a ""서랍 안전잠금장치"" (drawer safety lock). The intention is focused on a specific product for securing a drawer, while ""열쇠"" refers to a key, which is not specific enough to help find the intended product."
MISMATCH,이거 계속 축축해요,제습제 / 건조 패드 구매,수건,"MISMATCH | The extracted keyword ""수건"" (towel) does not directly relate to the intention of purchasing a dehumidifier or drying pad. The user's concern about something being ""축축해요"" (damp) suggests a need for a product that can reduce moisture, which is not addressed by a towel."
MATCH,바닥 긁히는 거 막는 거 있어요?,의자 다리 보호패드 구매,바닥 보호대,"MATCH | The extracted keyword ""바닥 보호대"" (floor protector) is relevant as it relates to protecting the floor from scratches, which aligns with the user's intention to purchase chair leg protectors."
MISMATCH,이거 소리 너무 커요,소음 방지 패드 / 방음 매트 구매,소리,"MISMATCH | The extracted keyword ""소리"" (sound) is too general and does not specifically relate to the intention of purchasing ""소음 방지 패드"" (noise prevention pads) or ""방음 매트"" (soundproof mats). A more relevant keyword would directly reference noise reduction products."
MISMATCH,여기다 붙여두면 편한 거 있어요?,다용도 후크 / 거치대 구매,붙여두는 것,"MISMATCH | The extracted keyword ""붙여두는 것"" (something to stick) is too vague and does not specifically refer to the intended products, which are ""다용도 후크"" (multi-purpose hooks) or ""거치대"" (mounts). It does not directly indicate a search for purchasing these specific items."
MATCH,집에서 이것저것 걸어두는 거 있어요?,벽걸이 수납 후크 구매,걸이,"MATCH | The extracted keyword ""걸이"" relates to the concept of hanging or hooks, which aligns with the intention of purchasing wall-mounted storage hooks. It is a relevant term that can help in finding the desired product."
MISMATCH,이거 들고 나가도 되는 거에요?,휴대용 케이스 / 파우치 구매,없음,"MISMATCH | The extracted keyword ""없음"" does not provide any relevant information or terms that would help in finding a portable case or pouch, which is the target intention."
MISMATCH,여름에 없으면 좀 불편한 거 뭐에요?,선풍기 / 쿨방석 추천,여름용품,"MISMATCH | The extracted keyword ""여름용품"" (summer products) is too broad and does not specifically point to the intended products of ""선풍기"" (fan) or ""쿨방석"" (cooling seat cushion). It does not directly fulfill the user's request for recommendations on specific items that would alleviate discomfort in summer."
MATCH,이거 정리 안 하면 진짜 스트레스에요,대형 수납함 / 정리 바스켓 구매,정리함,"MATCH | The extracted keyword ""정리함"" (storage box) is relevant and aligns well with the target intention of purchasing a ""대형 수납함"" (large storage box) or ""정리 바스켓"" (organizing basket), as it directly relates to the concept of organization and storage solutions."
MISMATCH,애가 던져도 안 깨지는 거 있어요?,실리콘 식기 / 유아 안전컵 구매,플라스틱 공,"MISMATCH | The extracted keyword ""플라스틱 공"" (plastic ball) does not relate to the intention of purchasing ""실리콘 식기 / 유아 안전컵"" (silicone tableware / baby safety cup). The intention is focused on safe dining products for children, while the keyword refers to a toy, which is irrelevant to the user's request."
MATCH,이거 자꾸 넘어져요,고정 패드 / 받침대 구매,받침대,"MATCH | The extracted keyword ""받침대"" (which means ""support"" or ""base"") is relevant to the user's intention of purchasing a ""고정 패드 / 받침대"" (fixed pad / support base) to prevent the item from tipping over. It directly relates to the need for a stabilizing product."
MATCH,냄새 나는 거 숨기는 거 있어요?,방향제 / 커버형 탈취제 구매,탈취제,"MATCH | The extracted keyword ""탈취제"" (deodorizer) is relevant and aligns well with the target intention of purchasing a ""방향제 / 커버형 탈취제"" (air freshener / cover-type deodorizer), as it directly relates to the product being sought."
MISMATCH,이거 물에 담가도 돼요?,방수 제품 탐색,물,"MISMATCH | The extracted keyword ""물"" (water) is too general and does not specifically relate to the search for waterproof products. The intention is to explore waterproof items, which requires more specific keywords related to waterproofing rather than just the presence of water."
MATCH,여기다 넣어두면 안 흘러요?,밀폐용기 구매,용기,"MATCH | The extracted keyword ""용기"" (which means ""container"" in Korean) is relevant to the target intention of purchasing a ""밀폐용기"" (sealed container). It helps in finding the product described in the intention."
MATCH,애가 혼자 써도 되는 거 있어요?,유아용 컵 / 학습용품 구매,학용품,"MATCH | The extracted keyword ""학용품"" (school supplies) is relevant as it encompasses a broader category that includes learning materials and products suitable for children, which aligns with the user's intention of purchasing ""유아용 컵 / 학습용품"" (children's cups / learning supplies)."
MATCH,집에 두면 분위기 바뀌는 거 있어요?,인테리어 소품 / 조명 추천,인테리어 소품,"MATCH | The extracted keyword ""인테리어 소품"" aligns well with the target intention of recommending interior decor items or lighting that can change the atmosphere of a home."
MISMATCH,이거 계속 손에 묻어요,손잡이 커버 / 디스펜서 구매,손 세정제,"MISMATCH | The extracted keyword ""손 세정제"" (hand sanitizer) does not directly relate to the intention of purchasing a ""손잡이 커버 / 디스펜서"" (handle cover/dispenser). The intention is focused on a product that covers or dispenses, while the keyword refers to a cleaning product."
MISMATCH,이거 다른 데다 옮겨도 돼요?,이동식 수납함 구매,이거,"MISMATCH | The extracted keyword ""이거"" (meaning ""this"" in English) is too vague and does not specify the product or context needed to fulfill the intention of purchasing a ""이동식 수납함"" (mobile storage box). It does not help in finding the specific product described in the intention."
MISMATCH,애가 자꾸 끌고 다녀요,바퀴 고정 패드 / 이동 방지 패드 구매,장난감,"MISMATCH | The extracted keyword ""장난감"" (toy) does not directly relate to the intention of purchasing ""바퀴 고정 패드 / 이동 방지 패드"" (wheel locking pads / anti-movement pads). The intention is focused on a specific product to prevent movement, while ""장난감"" refers to toys, which is irrelevant to the user's need."
MATCH,집에서 제일 많이 쓰는 거 뭐에요?,베스트셀러 생활용품 추천,가정용품,"MATCH | The extracted keyword ""가정용품"" (household items) is relevant to the target intention of recommending best-selling household products, as it encompasses a wide range of items that are commonly used at home."
MISMATCH,이거 매번 닦기 귀찮아요,방수 커버 / 오염 방지 패드 구매,청소용품,"MISMATCH | The extracted keyword ""청소용품"" (cleaning supplies) is too broad and does not specifically relate to the intention of purchasing a waterproof cover or stain prevention pad. The user's intention is focused on a specific product type, while the keyword does not directly lead to that."
MISMATCH,물에 젖어도 냄새 안 나는 거 있어요?,항균 매트 / 속건 타월 구매,탈취제,"MISMATCH | The extracted keyword ""탈취제"" (deodorizer) does not directly relate to the intention of purchasing ""항균 매트"" (antibacterial mat) or ""속건 타월"" (quick-drying towel). The user's question is about products that do not smell even when wet, which is more aligned with the properties of the intended products rather than a deodorizer."
MATCH,여기다 올려두면 떨어질까요?,논슬립 트레이 / 거치대 구매,떨어짐 방지 매트,"MATCH | The extracted keyword ""떨어짐 방지 매트"" (anti-slip mat) is relevant to the target intention of purchasing a ""논슬립 트레이 / 거치대"" (non-slip tray / stand), as it describes a product that serves a similar purpose of preventing items from slipping or falling."
MISMATCH,이거 차 안에 놔도 돼요?,차량용 수납함 / 방향제 구매,차량용품,"MISMATCH | The extracted keyword ""차량용품"" (car accessories) is too broad and does not specifically relate to the user's intention of purchasing a ""차량용 수납함"" (car storage box) or ""방향제"" (air freshener). The intention requires more specific keywords to effectively find the desired products."
MISMATCH,집에서 없어도 될 줄 알았는데 필요하네요,생활 편의소품 추천,필요한 것,"MISMATCH | The extracted keyword ""필요한 것"" (things that are needed) is too vague and does not specifically relate to the intention of recommending convenient household items. The intention is looking for specific suggestions for lifestyle convenience products, while the keyword does not provide that focus."
MISMATCH,이거 애 손 안 닿는 데 둘 수 있어요?,벽걸이 수납함 / 상부 수납함 구매,장난감,"MISMATCH | The extracted keyword ""장난감"" (toy) does not directly relate to the intention of purchasing a wall-mounted storage box or upper storage box. The intention is focused on a specific type of storage solution, while the keyword refers to a general category of items (toys) that may not lead to relevant search results for the intended product."
MISMATCH,이거 계속 찢어져요,내구성 좋은 커버 / 보호필름 구매,종이,"MISMATCH | The extracted keyword ""종이"" (paper) does not directly relate to the intention of purchasing a durable cover or protective film. The intention focuses on finding a product that offers protection and durability, while ""종이"" does not convey that need."
MATCH,애가 혼자 못 열게 하는 거 있어요?,안전 잠금장치 구매,안전장치,"MATCH | The extracted keyword ""안전장치"" (safety device) is relevant and aligns with the target intention of purchasing a safety lock for preventing a child from opening something alone. It captures the essence of the user's need for a safety mechanism."
MISMATCH,이거 하나로 다 해결돼요?,멀티클리너 / 다용도 도구 추천,해결책,"MISMATCH | The extracted keyword ""해결책"" (solution) does not directly relate to the intention of recommending a multi-cleaner or versatile tool. The intention is focused on specific product recommendations, while the keyword is too general and does not indicate a search for a multi-purpose cleaning tool."
MATCH,집에 두면 은근히 편해지는 거 있어요?,생활 편의소품 추천,편리한 물건,"MATCH | The extracted keyword ""편리한 물건"" (convenient items) aligns well with the target intention of recommending ""생활 편의소품"" (lifestyle convenience items). It captures the essence of seeking products that enhance convenience in daily life, which is what the user is looking for."
MISMATCH,이거 어디다 두는 게 정석이에요?,보관 위치 안내 / 수납용품 구매,정석,"MISMATCH | The extracted keyword ""정석"" (which translates to ""standard"" or ""correct method"") does not directly relate to the intention of finding storage location guidance or purchasing storage products. It does not help in identifying or locating the relevant products or information."
MISMATCH,이거 자주 사야 하는 거에요?,소모품 탐색(리필형 제품),제품,"MISMATCH | The extracted keyword ""제품"" (product) is too broad and does not specifically relate to the user's intention of exploring consumables or refillable products. A more specific keyword related to consumables would better match the intention."
MISMATCH,애가 넘어질까 봐 걱정돼요,놀이매트 / 안전매트 구매,안전용품,"MISMATCH | The extracted keyword ""안전용품"" (safety products) is too broad and does not specifically point to the intended products of ""놀이매트"" (play mat) or ""안전매트"" (safety mat). While it relates to safety, it does not directly help in finding the specific items the user is looking to purchase."
MISMATCH,집에서 이거 말고 다른 방법 없어요?,대체 해결용품 추천,방법,"MISMATCH | The extracted keyword ""방법"" (meaning ""method"" or ""way"") does not directly relate to the intention of recommending alternative products. The intention specifically seeks product recommendations, while ""방법"" is too vague and does not indicate a search for items or solutions."
MISMATCH,이거 안 흘리게 쓰는 법 없어요?,흘림방지 컵 / 컵뚜껑 구매,컵,"MISMATCH | The extracted keyword ""컵"" is too general and does not specifically address the user's intention of finding a spill-proof cup or lid. The intention is focused on a specific product type that prevents spilling, which is not captured by the general term ""컵."""
MISMATCH,애가 자꾸 물어뜯어요,유아용 치발기 / 실리콘 커버 구매,장난감,"MISMATCH | The extracted keyword ""장난감"" (toy) is too broad and does not specifically relate to the intention of purchasing a teething toy or silicone cover for infants. The target intention is focused on a specific product type that addresses the issue of a child biting, which is not captured by the general term ""toy."""
MISMATCH,이거 한 번 사두면 오래 쓰는 거 있어요?,내구성 좋은 생활용품 추천,제품,"MISMATCH | The extracted keyword ""제품"" (product) is too vague and does not specifically address the user's intention of finding durable household items. The intention is looking for recommendations for long-lasting products, which requires more specific keywords related to durability and household items."
MATCH,집에서 없어도 되는데 있으면 좋은 거 뭐에요?,편의소품 추천,소품,"MATCH | The extracted keyword ""소품"" (which means ""items"" or ""accessories"") is relevant to the target intention of recommending convenient items for home use. It aligns well with the idea of suggesting useful items that are not necessary but beneficial to have at home."
MATCH,이거 보관 안 하면 망가져요,보관 케이스 / 방습함 구매,보관함,"MATCH | The extracted keyword ""보관함"" (storage box) is relevant to the target intention of purchasing a ""보관 케이스"" (storage case) or ""방습함"" (moisture-proof box), as it relates to the concept of storage and protection of items."
MATCH,그냥 요즘 다들 많이 사는 거 뭐에요?,베스트셀러 상품 추천,상품,"MATCH | The keyword ""상품"" (product) is relevant as it relates to the intention of recommending best-selling products. It captures the essence of what the user is asking about, which is popular items that are currently being purchased."
MISMATCH,여행 갈 때 캐리어 안에서 옷 안 구겨지게 하는 거 뭐 있어요?,의류 정리 파우치 / 압축팩 구매,옷 주머니,"MISMATCH | The extracted keyword ""옷 주머니"" (clothes pocket) does not directly relate to the intention of purchasing ""의류 정리 파우치 / 압축팩"" (clothing organizer pouches / compression bags), which are specific products designed to prevent clothes from wrinkling during travel. The keyword is too vague and does not capture the specific products the user is looking for."
MISMATCH,비 오는 날 신발 안 젖게 막는 거 있어요?,신발 방수커버 구매,우비,"MISMATCH | The extracted keyword ""우비"" (raincoat) does not directly relate to the intention of purchasing ""신발 방수커버"" (shoe waterproof cover). While both are related to protection from rain, the keyword does not specifically address the user's need for a product that keeps shoes dry."
MISMATCH,머리 말릴 때 물 흘러내리는 거 막는 거 있어요?,헤어 드라이 캡 / 방수 헤어밴드 구매,헤어 드라이어,"MISMATCH | The extracted keyword ""헤어 드라이어"" refers to a hair dryer, which is not the same as the intended products ""헤어 드라이 캡"" or ""방수 헤어밴드"" that are specifically designed to prevent water from dripping while drying hair."
MATCH,냉장고 냄새 안 나게 하는 거 뭐 있어요?,냉장고 탈취제 구매,탈취제,"MATCH | The extracted keyword ""탈취제"" (deodorizer) directly relates to the user's intention of purchasing a product to eliminate odors from the refrigerator, which aligns well with the target intention of ""냉장고 탈취제 구매"" (buying a refrigerator deodorizer)."
MATCH,욕실 바닥 미끄러워서 안 넘어지게 하는 거 있나요?,욕실 미끄럼 방지 매트 구매,미끄럼 방지 매트,"MATCH | The extracted keyword ""미끄럼 방지 매트"" directly relates to the user's intention of purchasing a non-slip mat for the bathroom, effectively fulfilling the search for a product that prevents slipping."
MATCH,이사 와서 집 정리 좀 쉽게 하는 거 뭐부터 사야 돼요?,수납박스 / 정리함 세트 구매,정리용품,"MATCH | The extracted keyword ""정리용품"" (organizing supplies) is a broad term that encompasses various products, including storage boxes and organizing sets, which aligns with the user's intention to purchase ""수납박스 / 정리함 세트"" (storage box/organizing set). Therefore, it is a reasonable search term to fulfill the intention."
MATCH,전선들 너무 엉키는데 정리하는 거 있어요?,케이블 정리 클립 / 케이블 타이 구매,전선 정리기,"MATCH | The extracted keyword ""전선 정리기"" (cable organizer) is relevant to the user's intention of finding products for organizing cables, such as ""케이블 정리 클립"" (cable organizing clips) or ""케이블 타이"" (cable ties). It aligns well with the need to manage tangled wires."
MATCH,여름에 차 안에 두면 좋은 방향 같은 거 있어요?,차량용 방향제 구매,방향제,"MATCH | The extracted keyword ""방향제"" (which means ""air freshener"") is relevant and directly related to the user's intention of purchasing a vehicle air freshener for summer use."
MATCH,아이 책상 위에 올려둘 정리용 통 같은 거 있어요?,책상 정리함 / 데스크 오거나이저 구매,정리용 통,"MATCH | The extracted keyword ""정리용 통"" (organizing container) is relevant and aligns well with the target intention of finding a ""책상 정리함"" (desk organizer) or ""데스크 오거나이저"" (desk organizer) for purchase. It captures the essence of the user's request for a storage solution for their desk."
MISMATCH,가방 안에서 화장품 안 새게 보관하는 거 있나요?,방수 화장품 파우치 구매,화장품 보관함,"MISMATCH | The extracted keyword ""화장품 보관함"" translates to ""cosmetic storage box,"" which does not specifically indicate a waterproof product. The target intention is focused on purchasing a waterproof cosmetic pouch, so the keyword does not align with the user's intent."
MATCH,비행기 탈 때 목 안 아프게 받치는 거 있어요?,여행용 목베개 구매,목베개,"MATCH | The extracted keyword ""목베개"" directly relates to the user's intention of purchasing a travel neck pillow, which is intended to provide support and comfort while flying."
MATCH,세탁기 돌릴 때 옷 망가지는 거 막는 거 있어요?,세탁망(빨래망) 구매,세탁기 보호망,"MATCH | The extracted keyword ""세탁기 보호망"" refers to a protective net for the washing machine, which aligns with the user's intention to prevent clothes from getting damaged during washing. This term is relevant and helps in finding a product that serves the intended purpose of protecting clothes, similar to the ""세탁망(빨래망)"" the user is looking to purchase."
MATCH,신발 냄새 줄이는 거 뭐 있어요?,신발 탈취제 구매,신발 냄새 제거제,"MATCH | The extracted keyword ""신발 냄새 제거제"" (shoe odor remover) is closely related to the target intention of purchasing a ""신발 탈취제"" (shoe deodorizer). Both terms refer to products aimed at reducing or eliminating shoe odors, making the keyword a suitable search term to fulfill the user's intention."
MISMATCH,욕실 배수구에 머리카락 안 막히게 하는 거 있나요?,배수구 거름망 구매,헤어캡,"MISMATCH | The extracted keyword ""헤어캡"" (hair cap) does not directly relate to the intention of purchasing a ""배수구 거름망"" (drain cover or strainer) to prevent hair from clogging the drain. While a hair cap may help prevent hair from falling into the drain, it is not the product the user is specifically looking to buy."
MISMATCH,여름에 등 붙는 거 싫은데 깔고 앉는 거 있어요?,쿨방석 / 통풍 방석 구매,매트,"MISMATCH | The extracted keyword ""매트"" (mat) is too general and does not specifically refer to the intended product of a ""쿨방석"" (cool cushion) or ""통풍 방석"" (ventilated cushion) that the user is looking for to avoid sticking to surfaces in summer."
MATCH,"전자레인지 돌려도 되는 그릇 구분이 안 돼서요, 표시된 거 있어요?",전자레인지용 용기 구매,전자레인지용 그릇,"MATCH | The extracted keyword ""전자레인지용 그릇"" directly relates to the user's intention of purchasing microwave-safe containers, as it specifies the type of product they are looking for."
MATCH,여행 갈 때 세면도구 따로 담는 통 있어요?,여행용 세면도구 용기 구매,세면도구 통,"MATCH | The extracted keyword ""세면도구 통"" directly relates to the user's intention of purchasing a container for travel toiletries, as it specifies a type of container (통) for toiletries (세면도구)."
MATCH,집에서 커피 마실 때 종이 필터 같은 거 있어요?,커피 필터 구매,종이 필터,"MATCH | The extracted keyword ""종이 필터"" (paper filter) is relevant to the target intention of ""커피 필터 구매"" (buying coffee filters), as it directly refers to a type of coffee filter that the user is inquiring about."
MISMATCH,비 오는 날 우산 물 안 떨어지게 하는 거 있나요?,우산 물받이 / 우산커버 구매,우산,"MISMATCH | The extracted keyword ""우산"" (umbrella) is too general and does not specifically address the user's intention of finding a product related to preventing water from dripping, such as a ""우산 물받이"" (umbrella water catcher) or ""우산커버"" (umbrella cover). The keyword does not capture the specific product the user is looking for."
MATCH,아이 장난감 정리 좀 쉽게 하는 박스 있어요?,장난감 수납박스 구매,박스,"MATCH | The extracted keyword ""박스"" is relevant as it refers to a box, which aligns with the user's intention of looking for a storage box for toys. It captures the essence of the product they are interested in purchasing."
MATCH,옷장 안에 냄새 안 나게 해주는 거 뭐 있어요?,옷장 탈취제 구매,탈취제,"MATCH | The extracted keyword ""탈취제"" (deodorizer) directly relates to the user's intention of purchasing a product to eliminate odors in the closet, which aligns perfectly with the target intention of ""옷장 탈취제 구매"" (buying a closet deodorizer)."
MISMATCH,휴대폰 떨어뜨려도 안 깨지게 하는 케이스 말고 붙이는 거 있어요?,스마트폰 액정 보호필름 / 범퍼 패드 구매,붙이는 케이스,"MISMATCH | The extracted keyword ""붙이는 케이스"" translates to ""adhesive case,"" which does not directly match the intention of looking for ""스마트폰 액정 보호필름"" (screen protector) or ""범퍼 패드"" (bumper pad). The intention specifically mentions protective films and pads, while the extracted keyword suggests a type of case that may not provide the same level of protection as the intended products."
MATCH,차 문 열 때 벽에 안 찍히게 하는 거 있어요?,문콕 방지 패드 구매,방지대,"MATCH | The extracted keyword ""방지대"" (which translates to ""preventive device"" or ""protection pad"") is relevant to the user's intention of purchasing a ""문콕 방지 패드"" (door bump prevention pad). It indicates a product that serves a similar purpose, thus aligning with the user's intent."
MISMATCH,책상 다리 바닥 긁히는 거 막는 거 있나요?,의자 다리 보호패드 구매,책상 다리 보호대,"MISMATCH | The extracted keyword ""책상 다리 보호대"" refers to a protective pad for a desk leg, while the target intention is about purchasing a protective pad for a chair leg. The focus on ""책상"" (desk) instead of ""의자"" (chair) indicates that the keyword does not align with the user's intention."
MATCH,냉장고 문에 붙여서 메모 붙이는 판 같은 거 있어요?,자석 메모판 구매,메모판,"MATCH | The extracted keyword ""메모판"" (memo board) is relevant to the user's intention of purchasing a ""자석 메모판"" (magnetic memo board) as it directly relates to the type of product they are looking for."
MATCH,가방 안에 이어폰 안 엉키게 하는 거 있어요?,이어폰 정리 케이스 구매,이어폰 정리기,"MATCH | The extracted keyword ""이어폰 정리기"" (earphone organizer) is relevant and aligns well with the target intention of purchasing an ""이어폰 정리 케이스"" (earphone storage case). Both terms refer to products designed to organize and prevent earphones from tangling, thus fulfilling the user's intention."
MATCH,화장실 냄새 심할 때 뿌리는 거 말고 다른 거 있어요?,방향제 / 탈취제(겔형·고형) 구매,탈취제,"MATCH | The extracted keyword ""탈취제"" (deodorant) aligns well with the target intention of purchasing a product to eliminate unpleasant odors in the bathroom, as it directly refers to a type of product that serves this purpose."
MATCH,캠핑 갈 때 쓰는 가벼운 컵 같은 거 있어요?,캠핑컵 / 접이식 컵 구매,컵,"MATCH | The extracted keyword ""컵"" is relevant as it relates to the user's intention of finding a lightweight cup for camping, which aligns with the target intention of ""캠핑컵 / 접이식 컵 구매."""
MATCH,여행 갈 때 여권 안 구겨지게 넣는 거 있나요?,여권 케이스 구매,여권 케이스,"MATCH | The extracted keyword ""여권 케이스"" directly relates to the user's intention of purchasing a passport case to prevent their passport from getting wrinkled while traveling."
MATCH,아이 손 닦을 때 들고 다니는 물티슈 넣는 통 있어요?,물티슈 케이스 구매,물티슈 통,"MATCH | The extracted keyword ""물티슈 통"" (wipes container) is relevant and aligns well with the target intention of purchasing a ""물티슈 케이스"" (wipes case). Both terms refer to a container for wet wipes, which is what the user is looking for."
MATCH,비 오는 날 창문 틈으로 물 새는 거 막는 거 있어요?,방수 테이프 / 문풍지 구매,방수 테이프,"MATCH | The extracted keyword ""방수 테이프"" directly relates to the user's intention of finding a product to prevent water from leaking through window gaps, which aligns with the target intention of purchasing waterproof tape or weather stripping."
MISMATCH,문 닫을 때 쾅 소리 안 나게 붙이는 거 있나요?,문충격 방지 패드 구매,방음패드,"MISMATCH | The extracted keyword ""방음패드"" refers to soundproofing pads, which may not specifically address the user's intention of finding a product to prevent noise when closing a door. The target intention is more focused on a door impact prevention pad, which is not necessarily the same as a soundproofing pad."
MATCH,콘센트에 애 손 안 들어가게 막는 거 있어요?,콘센트 안전커버 구매,콘센트 막이,"MATCH | The extracted keyword ""콘센트 막이"" refers to a device that prevents access to electrical outlets, which aligns well with the user's intention of purchasing a ""콘센트 안전커버"" (safety cover for outlets). Both terms relate to safety measures for outlets, making the keyword relevant and appropriate for the search."
MATCH,냄비 잡을 때 손 안 데게 하는 거 있어요?,실리콘 손잡이 / 오븐장갑 구매,손잡이,"MATCH | The extracted keyword ""손잡이"" (handle) is relevant as it relates to the intention of finding a product that helps prevent burns when handling pots, such as silicone handles or oven mitts."
MATCH,뜨거운 고데기 바로 놓을 수 있는 받침 같은 거 있나요?,내열 매트 / 고데기 받침대 구매,받침,"MATCH | The extracted keyword ""받침"" (which means ""stand"" or ""base"") is relevant to the user's intention of finding a heat-resistant mat or a stand for a hot hair straightener, as it directly relates to the concept of a support or holder for the device."
MATCH,화장대 위에 이것저것 안 흩어지게 모아두는 통 있어요?,화장품 정리함 구매,정리함,"MATCH | The extracted keyword ""정리함"" (which means ""organizer"" in English) is relevant to the user's intention of purchasing a ""화장품 정리함"" (cosmetic organizer). It captures the essence of the product the user is looking for, which is to keep cosmetics organized."
MISMATCH,여름에 모기 안 들어오게 창문에 붙이는 거 있어요?,방충망 스티커 / 방충망 보수망 구매,모기장,"MISMATCH | The extracted keyword ""모기장"" refers to a mosquito net, which is not the same as the products described in the intention (방충망 스티커 or 방충망 보수망). The intention specifically mentions products for sealing windows to prevent mosquitoes, which the keyword does not directly address."
MATCH,차 안에서 휴대폰 고정해두는 거 있나요?,차량용 휴대폰 거치대 구매,휴대폰 거치대,"MATCH | The extracted keyword ""휴대폰 거치대"" (which translates to ""phone holder"" or ""phone mount"") is relevant and aligns well with the target intention of purchasing a ""차량용 휴대폰 거치대"" (vehicle phone holder). It effectively captures the essence of the user's inquiry about securing a phone in a car."
MISMATCH,운동화 세탁기 돌릴 때 보호해주는 거 있어요?,운동화 세탁망 구매,세탁기 보호대,"MISMATCH | The extracted keyword ""세탁기 보호대"" refers to a protective cover for the washing machine, which does not directly relate to the user's intention of purchasing a ""운동화 세탁망"" (shoe washing bag). The intention is specifically about a product that helps wash shoes, while the extracted keyword is about protecting the washing machine itself."
MATCH,아이들 미끄러지지 않게 양말 같은 거 있어요?,논슬립 양말 구매,양말,"MATCH | The extracted keyword ""양말"" (socks) is relevant to the user's intention of purchasing ""논슬립 양말"" (non-slip socks) as it directly relates to the type of product they are looking for."
MATCH,장마철에 옷장 습기 줄이는 거 뭐 있어요?,제습제 / 습기제거제 구매,제습기,"MATCH | The extracted keyword ""제습기"" (dehumidifier) is relevant as it is a product that helps reduce humidity in a closet, aligning with the user's intention to purchase a dehumidifier or moisture removal product."
MISMATCH,여행 갈 때 신발 따로 넣는 주머니 있어요?,신발 파우치 구매,주머니,"MISMATCH | The extracted keyword ""주머니"" (pocket or pouch) is too general and does not specifically indicate a shoe pouch or bag, which is what the user intends to find for purchasing. The target intention is specifically about a ""신발 파우치"" (shoe pouch), and the keyword does not directly relate to that specific product."
MATCH,컵 밑에 물 안 떨어지게 까는 거 있나요?,컵 받침(코스터) 구매,받침대,"MATCH | ""받침대"" refers to a base or support, which is similar to ""컵 받침"" (cup coaster). It is a reasonable term that can help find the product described in the intention."
MATCH,집에서 밥 먹을 때 식탁 더러워지는 거 막는 거 있어요?,테이블 매트 구매,식탁 보호대,"MATCH | The extracted keyword ""식탁 보호대"" (table protector) is relevant and aligns well with the target intention of purchasing a ""테이블 매트"" (table mat), as both serve the purpose of protecting the table from getting dirty."
MATCH,침대 옆에 핸드폰 올려둘 작은 선반 같은 거 있어요?,침대 사이드 선반 구매,선반,"MATCH | The extracted keyword ""선반"" (shelf) is relevant as it directly relates to the user's intention of purchasing a bedside shelf for their phone. It captures the essence of the product being sought."
MATCH,화장실에서 휴지 물 안 젖게 하는 거 있나요?,휴지 커버 / 방수 휴지케이스 구매,방수 휴지 케이스,"MATCH | The extracted keyword ""방수 휴지 케이스"" directly relates to the target intention of purchasing a waterproof tissue cover, fulfilling the user's request for a product that keeps tissue dry in the bathroom."
MATCH,아이 공부할 때 집중 잘 되게 하는 타이머 같은 거 있어요?,학습 타이머 구매,타이머,"MATCH | The extracted keyword ""타이머"" (timer) is relevant and helps find the product described in the intention, which is a learning timer for studying."
MISMATCH,여름에 차 안 더울 때 창문 가리는 거 있어요?,차량용 햇빛가리개 구매,커튼,"MISMATCH | The extracted keyword ""커튼"" (curtain) does not specifically refer to a product designed for vehicles, such as a sunshade or sun blocker for cars, which is what the user intends to purchase. The intention is focused on a vehicle-specific item, while ""커튼"" is more general and typically associated with home use."
MATCH,머리 말릴 때 손목 안 아프게 잡는 거 있어요?,헤어드라이어 거치대 구매,헤어 드라이어,"MATCH | The extracted keyword ""헤어 드라이어"" is relevant as it directly relates to the product the user intends to purchase, which is a hair dryer stand. The keyword helps in finding the product that addresses the user's concern about drying hair without straining the wrist."
MATCH,겨울에 현관 들어올 때 발 물기 닦는 거 있어요?,현관 매트 구매,발매트,"MATCH | The extracted keyword ""발매트"" (which translates to ""foot mat"" or ""door mat"") directly relates to the user's intention of purchasing a ""현관 매트"" (entrance mat). Both terms refer to a mat used for wiping feet before entering a home, making the keyword relevant and appropriate for fulfilling the user's search intent."
MATCH,여행 갈 때 화장품 작은 병에 나눠 담는 거 있어요?,여행용 공병 세트 구매,화장품 용기,"MATCH | The extracted keyword ""화장품 용기"" (cosmetic container) is relevant to the user's intention of purchasing a travel-sized container set, as it directly relates to the containers used for cosmetics while traveling."
MATCH,냉장고 안에 반찬통 말고 세워두는 정리용 통 있어요?,냉장고 정리 트레이 구매,정리용 통,"MATCH | The extracted keyword ""정리용 통"" (organizing container) is relevant and aligns well with the target intention of purchasing a ""냉장고 정리 트레이"" (refrigerator organizing tray). It captures the essence of the user's inquiry about organizing containers for the refrigerator."
MATCH,욕실에 수건 말릴 때 거는 거 따로 설치 안 해도 되는 거 있나요?,흡착식 수건걸이 구매,수건걸이,"MATCH | The extracted keyword ""수건걸이"" (towel rack) is relevant to the target intention of purchasing a suction-type towel rack, as it directly relates to the product being sought."
MATCH,아이 장난감 건전지 자주 바꾸는데 보관하는 거 있어요?,건전지 보관함 구매,보관함,"MATCH | The extracted keyword ""보관함"" (storage box) is relevant as it relates to the user's intention of purchasing a ""건전지 보관함"" (battery storage box). It captures the essence of the product the user is looking for."
MATCH,여름에 등에 땀 차는 거 막는 등받이 같은 거 있어요?,통풍 등받이 패드 구매,등받이,"MATCH | The extracted keyword ""등받이"" (backrest) is relevant as it relates to the user's inquiry about a product that can prevent sweating on the back during summer, which aligns with the intention of purchasing a ""통풍 등받이 패드"" (ventilated backrest pad)."
MATCH,차 안에서 쓰레기 안 굴러다니게 담는 거 있어요?,차량용 쓰레기통 구매,쓰레기통,"MATCH | The extracted keyword ""쓰레기통"" (trash can) is relevant and helps find the product described in the intention, which is a vehicle trash can for keeping trash from rolling around in the car."
MATCH,캠핑 갈 때 얼음 오래 안 녹게 담는 통 있어요?,보냉박스 / 아이스박스 구매,아이스박스,"MATCH | The extracted keyword ""아이스박스"" directly relates to the target intention of purchasing a ""보냉박스 / 아이스박스,"" as both terms refer to a cooler or ice box used for keeping items cold, which aligns with the user's inquiry about keeping ice from melting while camping."
MATCH,아이들 색연필 안 흩어지게 넣는 통 있어요?,필통 / 문구 정리함 구매,색연필 통,"MATCH | The extracted keyword ""색연필 통"" (colored pencil container) is relevant to the user's intention of finding a product to organize colored pencils, which aligns with the intention of purchasing a pencil case or stationery organizer."
MATCH,여행 갈 때 캐리어 이름 표시하는 거 있어요?,캐리어 네임택 구매,캐리어 이름 표시기,"MATCH | The extracted keyword ""캐리어 이름 표시기"" translates to ""luggage name tag,"" which aligns well with the target intention of purchasing a ""캐리어 네임택"" (luggage name tag). Both terms refer to the same product, making the keyword relevant for fulfilling the user's intention."
MISMATCH,화장실 바닥 물 튀는 거 막는 발판 같은 거 있나요?,욕실 발매트 구매,발판,"MISMATCH | The extracted keyword ""발판"" (which translates to ""foot mat"" or ""step mat"") does not directly match the target intention of ""욕실 발매트 구매"" (which translates to ""buying a bathroom mat""). While both terms relate to mats, ""발판"" suggests a different type of mat that may not serve the same purpose as a bathroom mat designed to absorb water and prevent slipping."
MATCH,집에서 빨래 널 때 공간 많이 안 차지하는 거 있어요?,접이식 빨래건조대 구매,건조대,"MATCH | The extracted keyword ""건조대"" (which means ""drying rack"") is relevant and helps find the product described in the intention of purchasing a ""접이식 빨래건조대"" (foldable drying rack). It aligns well with the user's need for a space-saving laundry drying solution."
MISMATCH,가방 안에 키랑 동전 안 섞이게 하는 거 있어요?,동전지갑 / 미니 파우치 구매,키홀더,"MISMATCH | The extracted keyword ""키홀더"" (key holder) does not relate to the user's intention of purchasing a ""동전지갑"" (coin wallet) or ""미니 파우치"" (mini pouch), which are specifically designed to keep coins and keys separate."
MATCH,여름에 벌레 물렸을 때 바르는 거 있어요?,벌레 물림 진정제 구매,연고,"MATCH | ""연고"" refers to an ointment or cream, which is a type of product that can be used to soothe insect bites, aligning well with the intention of purchasing a remedy for bug bites."
MATCH,아이 손톱 정리할 때 쓰는 작은 세트 있어요?,유아용 손톱깎이 세트 구매,손톱 정리 세트,"MATCH | The extracted keyword ""손톱 정리 세트"" is relevant as it refers to a set used for nail care, which aligns with the user's intention to purchase a nail clipper set for children."
MATCH,비 오는 날 신발 말리는 거 있어요?,신발 건조대 구매,신발 건조기,"MATCH | The extracted keyword ""신발 건조기"" (shoe dryer) is closely related to the target intention of purchasing a ""신발 건조대"" (shoe drying rack). Both terms refer to products that serve the purpose of drying shoes, making the extracted keyword a reasonable search term to fulfill the user's intention."
MISMATCH,집에서 고기 구울 때 기름 튀는 거 막는 거 있나요?,기름 튐 방지망 구매,기름 방지 매트,"MISMATCH | The extracted keyword ""기름 방지 매트"" refers to an oil-resistant mat, which is not the same as a ""기름 튐 방지망"" (oil splatter guard). The user's intention is specifically about preventing oil splatter while grilling, and the extracted keyword does not directly address that need."
MATCH,욕실에서 휴대폰 올려두는 거 있어요?,욕실용 휴대폰 거치대 구매,휴대폰 거치대,"MATCH | The extracted keyword ""휴대폰 거치대"" (phone holder) is relevant and aligns well with the target intention of purchasing a ""욕실용 휴대폰 거치대"" (bathroom phone holder). It captures the essential product type that the user is looking for."
MATCH,책상 위에 연필 굴러다니는 거 막는 거 있어요?,연필 받침 / 펜 트레이 구매,연필꽂이,"MATCH | ""연필꽂이"" (pencil holder) is a relevant term that can help find a product to prevent pencils from rolling off the desk, aligning with the user's intention of purchasing a pencil holder or pen tray."
MISMATCH,여름에 차 안에서 햇빛 눈부신 거 막는 거 있어요?,차량용 선바이저 구매,선글라스,"MISMATCH | The extracted keyword ""선글라스"" (sunglasses) does not directly match the target intention of purchasing a ""차량용 선바이저"" (car sun visor). While both items are related to blocking sunlight, the user specifically asked about a product for use in a car, which is a sun visor, not sunglasses."
MATCH,아이들 간식 나눠 담는 작은 통 있어요?,소형 밀폐용기 구매,간식 통,"MATCH | The extracted keyword ""간식 통"" (snack container) is relevant to the target intention of purchasing a small airtight container, as it implies a container used for snacks, which aligns with the user's need for a small container for sharing snacks among children."
MATCH,여행 갈 때 빨래 따로 담아둘 주머니 있어요?,세탁물 파우치 구매,세탁 주머니,"MATCH | The extracted keyword ""세탁 주머니"" (laundry pouch) is relevant and closely related to the target intention of purchasing a ""세탁물 파우치"" (laundry pouch). Both terms refer to a similar product, which is intended for storing laundry while traveling."
MATCH,신발장 문 열면 냄새 덜 나게 하는 거 있어요?,신발장 탈취제 구매,신발장 냄새 제거제,"MATCH | The extracted keyword ""신발장 냄새 제거제"" directly relates to the user's intention of purchasing a deodorizer for the shoe cabinet, as it specifies a product designed to eliminate odors in that specific context."
MATCH,아이가 문에 손 끼일까 봐 막는 거 있어요?,문틈 안전가드 구매,문 손막이,"MATCH | The extracted keyword ""문 손막이"" translates to ""door hand blocker,"" which is relevant to the user's intention of purchasing a ""문틈 안전가드"" (door gap safety guard). Both terms relate to preventing a child's hand from getting caught in the door, thus fulfilling the user's intention."
MATCH,차 컵홀더에 맞는 작은 쓰레기통 있어요?,차량용 컵홀더 쓰레기통 구매,쓰레기통,"MATCH | The extracted keyword ""쓰레기통"" (trash can) is relevant to the user's intention of purchasing a ""차량용 컵홀더 쓰레기통"" (car cup holder trash can), as it directly relates to the product being sought."
MATCH,겨울에 손 시릴 때 스마트폰 터치 되는 장갑 있어요?,터치 장갑 구매,장갑,"MATCH | The extracted keyword ""장갑"" (gloves) is relevant to the user's intention of purchasing touch gloves for winter, as it directly relates to the product being sought."
MATCH,캠핑 갈 때 접이식 의자 같은 거 있어요?,캠핑용 접이식 의자 구매,접이식 의자,"MATCH | The extracted keyword ""접이식 의자"" (folding chair) is relevant and directly related to the user's intention of purchasing a ""캠핑용 접이식 의자"" (camping folding chair). It captures the essential product type the user is inquiring about."
MATCH,가방 안에서 물병 안 넘어지게 고정하는 거 있어요?,가방 정리 파티션 / 보틀 홀더 구매,물병 고정기,"MATCH | The extracted keyword ""물병 고정기"" (bottle holder) is relevant to the user's intention of finding a product to secure a water bottle inside a bag, which aligns with the intention of purchasing a ""가방 정리 파티션 / 보틀 홀더"" (bag organizer / bottle holder)."
MATCH,욕실에서 발 닦고 바로 신는 슬리퍼 있어요?,욕실용 슬리퍼 구매,슬리퍼,"MATCH | The extracted keyword ""슬리퍼"" (slipper) is relevant to the user's intention of purchasing bathroom slippers, as it directly refers to the type of product being sought."
MISMATCH,집에서 머리카락 바닥에 안 떨어지게 자르는 거 있어요?,헤어 커팅 매트 구매,헤어컷기,"MISMATCH | The extracted keyword ""헤어컷기"" refers to a hair cutting tool or device, which does not directly relate to the intention of purchasing a ""헤어 커팅 매트"" (hair cutting mat) that prevents hair from falling on the floor. The keyword does not match the specific product the user is looking for."
MATCH,아이들 그림 그릴 때 책상 더러워지는 거 막는 거 있어요?,미술용 책상 매트 구매,책상 보호대,"MATCH | The extracted keyword ""책상 보호대"" (desk protector) is relevant to the user's intention of purchasing a ""미술용 책상 매트"" (art desk mat) as both terms refer to products designed to protect the desk from dirt and damage while children are drawing."
MATCH,여행 갈 때 목 아플까 봐 받치는 거 있어요?,여행용 목베개 구매,목베개,"MATCH | The extracted keyword ""목베개"" directly relates to the user's intention of purchasing a travel neck pillow, which is a product designed to support the neck during travel."
MISMATCH,집에서 먼지 닦을 때 손 안 더러워지는 거 있어요?,청소용 장갑 / 먼지떨이 구매,먼지 닦이,"MISMATCH | The extracted keyword ""먼지 닦이"" (dust cleaner) does not directly match the target intention of purchasing ""청소용 장갑"" (cleaning gloves) or ""먼지떨이"" (duster). While it relates to cleaning, it does not specifically address the user's intention to find gloves or a duster."
MATCH,차 안에서 핸드폰 충전선 안 굴러다니게 하는 거 있어요?,케이블 클립 / 차량용 선 정리 홀더 구매,충전선 정리함,"MATCH | The extracted keyword ""충전선 정리함"" (charging cable organizer) is relevant to the user's intention of purchasing a cable clip or vehicle cable organizer, as it describes a product that serves a similar purpose of organizing and preventing charging cables from rolling around in the car."
MATCH,여름에 실내에서 바람 나오는 작은 선풍기 있어요?,미니 선풍기 구매,선풍기,"MATCH | The extracted keyword ""선풍기"" (fan) is relevant as it directly relates to the user's intention of purchasing a ""미니 선풍기"" (mini fan) for use indoors during summer."
MATCH,화장실 냄새 오래 잡아주는 거 있어요?,장시간 지속형 탈취제 구매,탈취제,"MATCH | The extracted keyword ""탈취제"" (deodorant) is relevant to the user's intention of purchasing a long-lasting deodorant for the bathroom, as it directly relates to the product they are looking for."
MATCH,아이들 우산 잃어버리지 않게 이름 적는 거 있어요?,우산 네임택 구매,이름표,"MATCH | ""이름표"" refers to a name tag, which is relevant to the intention of purchasing a name tag for an umbrella to prevent it from being lost."
MISMATCH,냉장고 문 열 때 병 안 넘어지게 하는 거 있어요?,냉장고 병 고정 클립 구매,병 받침대,"MISMATCH | The extracted keyword ""병 받침대"" (bottle holder) does not directly match the target intention of purchasing a ""냉장고 병 고정 클립"" (refrigerator bottle holder clip). While both terms relate to holding bottles, a clip specifically designed for securing bottles in a refrigerator is more aligned with the user's intention than a general bottle holder."
MATCH,여행 갈 때 귀 안 아프게 막는 거 있어요?,귀마개 구매,귀마개,"MATCH | The extracted keyword ""귀마개"" directly corresponds to the user's intention of purchasing earplugs to prevent ear pain while traveling."
MATCH,집에서 물컵 쏟아도 흡수 잘 되는 매트 있어요?,흡수 매트 구매,매트,"MATCH | The extracted keyword ""매트"" is relevant as it directly relates to the user's intention of finding an absorbent mat for purchase."
MISMATCH,차 안에서 햇빛 때문에 대시보드 뜨거워지는 거 막는 거 있어요?,대시보드 햇빛 가리개 구매,대시보드 쿨러,"MISMATCH | The extracted keyword ""대시보드 쿨러"" refers to a cooling device for the dashboard, which is not the same as a sunshade or cover that blocks sunlight. The user's intention is to find a product that prevents the dashboard from heating up due to sunlight, which is more aligned with a sunshade or cover rather than a cooling device."
MISMATCH,아이가 혼자 양치할 때 컵 엎지르지 않게 하는 거 있어요?,미끄럼 방지 양치컵 구매,컵,"MISMATCH | The extracted keyword ""컵"" is too general and does not specifically indicate a non-slip or anti-slip toothbrush cup, which is the product described in the target intention. The intention is focused on purchasing a specific type of cup, so a more specific keyword would be needed to match the user's intent."
MATCH,여름에 모기 들어올 때 문에 붙이는 거 있어요?,현관용 방충망 구매,모기장,"MATCH | ""모기장"" refers to a mosquito net, which is a type of product that can be used to prevent mosquitoes from entering through doors, aligning well with the intention of purchasing a screen for the entrance."
MATCH,집에서 신발 정리 쉽게 하는 거 있어요?,신발 정리대 구매,신발 정리함,"MATCH | The extracted keyword ""신발 정리함"" refers to a shoe organizer, which aligns well with the target intention of purchasing a shoe rack (""신발 정리대""). Both terms relate to organizing shoes at home, making the keyword relevant for fulfilling the user's intention."
MISMATCH,여행 갈 때 슬리퍼 따로 담는 주머니 있어요?,슬리퍼 파우치 구매,주머니,"MISMATCH | The extracted keyword ""주머니"" (pouch) is too general and does not specifically indicate a product related to ""슬리퍼 파우치"" (slipper pouch). The user intention is focused on purchasing a specific type of pouch for slippers, and ""주머니"" does not convey that specificity."
MATCH,아이들 물감 흘려도 안 새는 앞치마 있어요?,유아용 미술 앞치마 구매,앞치마,"MATCH | The extracted keyword ""앞치마"" (apron) is relevant as it directly relates to the user's intention of purchasing a children's art apron that prevents paint from leaking."
MATCH,집에서 전선 발에 안 걸리게 정리하는 거 있어요?,전선 정리 덕트 / 케이블 몰딩 구매,전선 정리기,"MATCH | The extracted keyword ""전선 정리기"" (cable organizer) is relevant to the user's intention of purchasing a product for organizing cables, as it directly relates to the concept of managing and tidying up cables at home."
MATCH,여름에 땀 닦을 때 들고 다니는 작은 수건 있어요?,미니 타월 구매,수건,"MATCH | The extracted keyword ""수건"" (towel) is relevant as it directly relates to the user's intention of purchasing a ""미니 타월"" (mini towel), which is a specific type of towel."
MATCH,차 안에서 핸드폰 눈높이에 맞춰 세우는 거 있어요?,차량용 대시보드 거치대 구매,핸드폰 거치대,"MATCH | The extracted keyword ""핸드폰 거치대"" (phone holder) is relevant as it refers to a device used to hold a phone, which aligns with the user's intention of purchasing a ""차량용 대시보드 거치대"" (car dashboard holder). Both terms relate to a product that secures a phone in a vehicle, thus fulfilling the user's search intent."
MATCH,아이들 장난감 소리 줄이는 바닥 매트 있어요?,소음 방지 매트 / 놀이 매트 구매,바닥 매트,"MATCH | The extracted keyword ""바닥 매트"" (floor mat) is relevant as it relates to the user's intention of finding a noise-reducing mat for children, which can be categorized under ""소음 방지 매트"" (noise prevention mat) or ""놀이 매트"" (play mat)."
MATCH,여행 갈 때 눈 가리는 거 있어요?,수면안대 구매,안대,"MATCH | The extracted keyword ""안대"" (which translates to ""eye mask"" or ""sleep mask"") is relevant to the target intention of purchasing a ""수면안대"" (sleep mask). It directly relates to the product the user is looking for when traveling."
MATCH,그... 소파 다리에 끼워서 층간소음 안 나게 하는 거 있잖아요. 그거 어디 있어요?,"가구 이동 소음 방지 및 바닥 보호 (체어슈즈, 가구패드)",소파 다리 소음 방지기,"MATCH | The extracted keyword ""소파 다리 소음 방지기"" directly relates to the user's intention of finding a product that prevents noise from furniture movement, specifically for a sofa. It captures the essence of the intended product, which is aimed at reducing noise and protecting the floor."
MATCH,해외여행 갈 때 돼지코 전압 변환기 어디서 찾아요?,"국가별 플러그 규격 변환 (여행용 멀티어댑터, 변환 젠더)",돼지코 전압 변환기,"MATCH | The extracted keyword ""돼지코 전압 변환기"" refers to a specific type of voltage converter that is commonly used for international travel, which aligns with the user's intention to find a travel adapter or plug converter for different countries."
MISMATCH,빨래 널 때 쓰는 집게 달린 동그란 거 어디 있나요?,소형 세탁물 집합 건조 (원형/사각 집게 건조대),집게,"MISMATCH | The extracted keyword ""집게"" (clip) is too vague and does not specifically refer to the product described in the intention, which is a drying rack with clips for small laundry items. The intention requires a more specific term related to the drying rack itself, not just the clip."
MATCH,싱크대 물 막아주는 거... 그 고무로 된 거 어디 있죠?,배수구 폐쇄 및 악취 차단 (싱크대 배수구 마개/덮개),싱크대 고무막이,"MATCH | The extracted keyword ""싱크대 고무막이"" refers to a rubber cover for the sink, which aligns with the user's intention of finding a product that blocks the sink drain and prevents odors. It captures the essence of the target intention effectively."
MATCH,차 앞유리에 붙여서 전화번호 써놓는 판 어디 있어요?,주차 시 연락처 노출 (차량용 주차 번호판),전화번호판,"MATCH | The extracted keyword ""전화번호판"" (phone number plate) is relevant as it directly relates to the intention of displaying a contact number for parking purposes, which aligns with the concept of a vehicle parking number plate."
MISMATCH,벽에 못 안 박고 액자 걸 수 있는 찰흙 같은 거 어디 있나요?,"벽면 손상 없는 부착 (조각 접착제, 블루택류)",찰흙,"MISMATCH | The extracted keyword ""찰흙"" (clay) does not directly relate to the intention of finding a product that allows for wall attachment without damage, such as adhesive putty or similar products. The intention is focused on non-damaging wall adhesives, while ""찰흙"" refers to a material that is not typically used for this purpose."
MATCH,노트북 열기 식혀주는 거... 밑에 받치는 거 어디 있어요?,"기기 과열 방지 및 각도 조절 (노트북 쿨링패드, 거치대)",받침대,"MATCH | The extracted keyword ""받침대"" (which translates to ""stand"" or ""support"") is relevant as it relates to the user's inquiry about a device to help cool down a laptop and adjust its angle. This aligns with the target intention of finding a cooling pad or stand for the laptop."
MISMATCH,화장실 타일 사이에 바르는 하얀색 그거 어디 있죠?,타일 틈새 보수 및 곰팡이 가림 (타일 줄눈 보수제),실리콘,"MISMATCH | The extracted keyword ""실리콘"" (silicone) does not specifically refer to the product intended for filling tile gaps and preventing mold, which is more accurately described as ""타일 줄눈 보수제"" (tile joint repair agent). While silicone can be used in some applications, it does not directly match the user's request for a specific product related to tile maintenance."
MATCH,물병 씻을 때 쓰는 길쭉한 솔 어디 있어요?,"깊은 용기 내부 세척 (병 세척솔, 텀블러 솔)",솔,"MATCH | The keyword ""솔"" (which means ""brush"" in Korean) is relevant as it refers to the type of tool used for cleaning, which aligns with the user's intention of finding a specific type of cleaning brush for deep containers like bottles or tumblers."
MISMATCH,캠핑 가서 고기 구울 때 쓰는 그물망 어디 있나요?,"야외 조리용 석쇠 (석쇠, 바비큐 망)",그물망,"MISMATCH | The extracted keyword ""그물망"" refers to a net, which is not the same as ""야외 조리용 석쇠"" (grill or barbecue rack). The user's intention is specifically looking for a grilling tool, and ""그물망"" does not accurately represent that product."
MISMATCH,신발 뒤축 까졌을 때 붙이는 스티커 어디 있어요?,신발 사이즈 조절 및 마찰 방지 (뒤꿈치 보호 패드),스티커,"MISMATCH | The extracted keyword ""스티커"" (sticker) does not directly relate to the intention of finding a product for adjusting shoe size and preventing friction, specifically a heel protector pad. The intention is focused on a specific type of product, while ""스티커"" is too general and does not capture the essence of the desired item."
MATCH,옷에 뭐 묻었을 때 슥슥 문지르면 지워지는 펜 같은 거 어디 있죠?,즉석 오염 제거 (휴대용 얼룩 제거제/펜),펜,"MATCH | The keyword ""펜"" is relevant as it refers to a type of product (stain removal pen) that aligns with the user's intention of finding a portable stain remover."
MISMATCH,"이거 바구니 이름은 모르겠는데, 칸막이 나눠진 거 더 없나요?","세분화된 수납 정리 (칸막이 정리함, 서랍 정리 트레이)",바구니,"MISMATCH | The extracted keyword ""바구니"" (basket) does not specifically address the user's intention for ""세분화된 수납 정리"" (detailed storage organization) which includes items like ""칸막이 정리함"" (partitioned storage box) and ""서랍 정리 트레이"" (drawer organizer tray). The keyword is too general and does not capture the specific need for partitioned or organized storage solutions."
MATCH,자전거 체인에 치는 기름 어디 있어요?,"기계 마찰 감소 및 관리 (다용도 윤활제, WD-40류)",체인 기름,"MATCH | The extracted keyword ""체인 기름"" (chain oil) is relevant to the user's intention of finding a lubricant for reducing friction and maintenance, as it directly relates to the type of product (multi-purpose lubricant, WD-40 type) that the user is looking for."
MISSING,스마트폰 뒤에 붙어서 손가락 끼우는 거 어디 있나요?,"기기 추락 방지 및 거치 (스마트톡, 핑거링)",,
MATCH,이사할 때 그릇 싸는 뽁뽁이 어디서 찾아요?,"파손 방지 완충 (에어캡, 완충재)",뽁뽁이,"MATCH | The extracted keyword ""뽁뽁이"" refers to bubble wrap, which is a type of cushioning material used for protecting fragile items during moving. This aligns well with the target intention of ""파손 방지 완충 (에어캡, 완충재)"" as it directly relates to preventing damage during relocation."
MATCH,운동화 끈 안 풀리게 고정하는 거 어디 있죠?,"신발끈 풀림 방지 (신발끈 고정 클립, 실리콘 신발끈)",운동화 끈 고정기,"MATCH | The extracted keyword ""운동화 끈 고정기"" (sneaker lace fixer) is relevant and aligns well with the target intention of preventing shoelaces from coming undone. It suggests a product that serves the purpose of securing shoelaces, which matches the user's inquiry about where to find a solution for keeping shoelaces tied."
MATCH,욕실 거울 김 안 서리게 하는 거 어디 있어요?,습기 방지 및 시야 확보 (김서림 방지제/코팅제),김 서림 방지 욕실 거울,"MATCH | The extracted keyword ""김 서림 방지 욕실 거울"" directly relates to the user's intention of finding a product that prevents fogging in bathroom mirrors, which aligns with the target intention of ""습기 방지 및 시야 확보 (김서림 방지제/코팅제)."""
MATCH,그... 찍찍이인데 전선 묶는 용도로 쓰는 거 어디 있나요?,"케이블 정리 (벨크로 타이, 전선 정리 밴드)",찍찍이,"MATCH | The extracted keyword ""찍찍이"" refers to a type of Velcro, which is commonly used for cable management and tying wires together. This aligns well with the target intention of ""케이블 정리 (벨크로 타이, 전선 정리 밴드)"" as it directly relates to the product being sought for organizing cables."
MATCH,아이들 서랍 못 열게 잠그는 거 어디 있어요?,유아 안전사고 예방 (다용도 잠금장치),서랍 잠금장치,"MATCH | The extracted keyword ""서랍 잠금장치"" (drawer locking device) is relevant to the target intention of preventing accidents for children by using a multi-purpose locking device. It directly addresses the user's inquiry about locking drawers to keep children safe, aligning well with the intention of child safety measures."
MATCH,베란다 창문 틈새 막는 스펀지 어디 있죠?,"외풍 차단 및 방음 (문틈막이 테이프, 모헤어)",스펀지,"MATCH | The keyword ""스펀지"" (sponge) is relevant as it relates to materials used for sealing gaps, which aligns with the intention of blocking drafts and sound. While it may not directly mention the specific products like ""문틈막이 테이프"" (door gap tape) or ""모헤어"" (mohair), it is a type of material that can be used for similar purposes."
MATCH,와인 마시고 남은 거 막아두는 마개 어디 있어요?,음료 산패 방지 밀봉 (와인 스토퍼),마개,"MATCH | The extracted keyword ""마개"" (which means ""stopper"" or ""cork"" in Korean) is relevant to the user's intention of finding a product that prevents wine from spoiling, specifically a wine stopper. It aligns well with the target intention of ""음료 산패 방지 밀봉 (와인 스토퍼)"" as it directly refers to the item needed to seal the wine."
MATCH,노트북 청소할 때 칙칙 뿌리는 바람 어디 있나요?,비접촉 먼지 제거 (먼지 제거 스프레이/에어스프레이),에어 스프레이,"MATCH | The extracted keyword ""에어 스프레이"" is relevant as it directly relates to the intention of finding a product for non-contact dust removal, specifically a dust removal spray or air spray."
MATCH,강아지 털 옷에서 떼는 돌돌이 리필 어디 있어요?,의류 먼지/털 제거 소모품 (테이프 크리너 리필),리필,"MATCH | The keyword ""리필"" (refill) is relevant as it directly relates to the intention of finding a refill for a lint roller or tape cleaner, which is a consumable product used for removing dust and hair from clothing."
MATCH,다리 부었을 때 붙이는 시원한 패치 어디 있죠?,"다리 피로 회복 및 쿨링 (휴식 패치, 쿨링 시트)",패치,"MATCH | The extracted keyword ""패치"" (patch) is relevant as it relates to the user's inquiry about a cooling patch for leg fatigue recovery, aligning with the target intention of finding a product for leg relaxation and cooling."
MATCH,냉장고 안에 냄새 잡아주는 거 어디 있어요?,"냉장고 탈취 (냉장고 탈취제, 탈취용 숯)",탈취제,"MATCH | The extracted keyword ""탈취제"" (deodorizer) is relevant and aligns well with the target intention of finding a product to eliminate odors in the refrigerator, as it directly refers to a type of product used for deodorizing."
MISMATCH,옷걸이에서 옷 안 흘러내리게 하는 거 어디 있나요?,의류 고정 (논슬립 옷걸이 커버/스티커),옷걸이,"MISMATCH | The extracted keyword ""옷걸이"" (clothes hanger) is too broad and does not specifically address the user's intention of finding a product that prevents clothes from slipping off, such as a non-slip cover or sticker. The intention requires more specific terms related to the non-slip feature."
MATCH,콘센트 구멍 아기들이 못 건드리게 막는 거 어디 있어요?,감전 사고 예방 (콘센트 안전 커버),콘센트 커버,"MATCH | The extracted keyword ""콘센트 커버"" is relevant as it refers to a product that covers electrical outlets, which aligns with the intention of preventing electric shock accidents (감전 사고 예방) by keeping babies away from the outlet holes."
MATCH,가죽 가방 닦는 크림 어디 있죠?,가죽 관리 및 오염 제거 (가죽 클리너/에센스),가죽 크림,"MATCH | The extracted keyword ""가죽 크림"" is relevant as it refers to a product used for cleaning and maintaining leather, which aligns with the target intention of ""가죽 관리 및 오염 제거 (가죽 클리너/에센스)."""
MATCH,잠잘 때 귀에 꽂는 소음방지용 그거 어디 있어요?,"청력 보호 및 숙면 (귀마개, 이어플러그)",귀마개,"MATCH | The extracted keyword ""귀마개"" (earplugs) directly relates to the user's intention of finding a product for hearing protection and better sleep, as it is a common term for noise-canceling ear devices."
MATCH,바지 허리 클 때 줄이는 핀 어디 있나요?,"의류 사이즈 수선 (요술단추, 허리 조절 핀)",핀,"MATCH | The keyword ""핀"" (pin) is relevant as it relates to the adjustment mechanism for clothing sizes, specifically for waist adjustments, which aligns with the user's intention of finding a product for altering clothing sizes."
MATCH,우산 끝에 씌우는 커버 어디 있어요?,우산 빗물 낙수 방지 (우산 빗물받이/커버),우산 커버,"MATCH | The extracted keyword ""우산 커버"" is relevant as it directly relates to the user's intention of finding a cover for an umbrella that prevents rainwater from dripping. It captures the essence of the product described in the target intention."
MATCH,욕실 바닥 안 미끄럽게 붙이는 거 어디 있죠?,낙상 사고 예방 (미끄럼 방지 스티커/매트),미끄럼 방지 매트,"MATCH | The extracted keyword ""미끄럼 방지 매트"" directly relates to the target intention of preventing falls in the bathroom, as it refers to a non-slip mat that can be used on the bathroom floor to enhance safety and prevent slipping."
MATCH,컴퓨터 뒤에 선들 안 보이게 넣어두는 통 어디 있어요?,전선 및 멀티탭 은닉 정리 (멀티탭 정리함/케이블 박스),선 정리함,"MATCH | The extracted keyword ""선 정리함"" (cable organizer) is relevant to the target intention of hiding and organizing cables and power strips, as it encompasses the concept of managing and concealing cables, which aligns with the user's request."
MISMATCH,스테인리스 냄비 탄 거 닦는 가루 어디 있나요?,"금속 용기 찌든 때 제거 (과탄산소다, 다목적 세정제)",세제,"MISMATCH | The extracted keyword ""세제"" (detergent) is too general and does not specifically address the user's intention of finding a product for removing stubborn stains from metal containers, such as ""과탄산소다"" (sodium percarbonate) or ""다목적 세정제"" (multi-purpose cleaner). The intention is more specific about the type of cleaning product needed."
MATCH,차 안에서 핸드폰 자석으로 붙이는 거 어디 있어요?,운전 중 기기 고정 (차량용 자석 거치대),핸드폰 자석,"MATCH | The extracted keyword ""핸드폰 자석"" is relevant as it refers to a magnetic holder for a phone, which aligns with the user's intention of finding a device to secure their phone while driving."
MATCH,발가락 사이 끼우는 거... 매니큐어 바를 때 쓰는 거 어디 있죠?,페디큐어 편의 도구 (토우 세퍼레이터),발가락 사이 끼우는 거,"MATCH | The extracted keyword ""발가락 사이 끼우는 거"" directly describes the function of a toe separator, which is used to keep the toes apart while applying nail polish, aligning well with the target intention of finding a pedicure convenience tool."
MISMATCH,커튼 달 때 구멍 없는 벽에 고정하는 거 어디 있어요?,"못 없이 커튼 설치 (압축봉, 안뚫어고리)",커튼 고정기,"MISMATCH | The extracted keyword ""커튼 고정기"" (curtain holder) does not specifically address the user's intention of installing curtains without drilling holes, which includes products like compression rods or non-drilling hooks. The keyword is too general and does not capture the specific need for a solution that avoids making holes in the wall."
MATCH,배수구에 머리카락 안 들어가게 하는 스티커 어디 있나요?,하수구 막힘 방지 (거름망 스티커),배수구 스티커,"MATCH | The extracted keyword ""배수구 스티커"" is relevant as it refers to a sticker for drains, which aligns with the user's intention of preventing hair from entering the drain. It captures the essence of the product described in the target intention, which is a type of filter sticker for drains."
MATCH,옷장에 걸어두는 습기 제거하는 거 어디 있어요?,곰팡이 방지 및 제습 (걸이형 제습제),습기 제거제,"MATCH | The extracted keyword ""습기 제거제"" (moisture remover) is relevant and aligns well with the target intention of preventing mold and dehumidifying, as it refers to a product that serves the purpose of removing moisture, which is essential for mold prevention."
MATCH,물감 짤 때 쓰는 판 어디 있죠?,미술 도구 (팔레트),팔레트,"MATCH | The extracted keyword ""팔레트"" directly corresponds to the user's intention of finding a ""미술 도구 (팔레트)"" which refers to a palette used for mixing paint. This keyword effectively helps locate the product described in the intention."
MATCH,낚시 갈 때 쓰는 작은 의자 어디 있어요?,휴대용 좌석 (접이식 의자),의자,"MATCH | The keyword ""의자"" (chair) is relevant as it is a general term that encompasses the type of chair the user is looking for, which is a portable or folding chair for fishing. While it is not as specific as ""휴대용 좌석 (접이식 의자),"" it still aligns with the user's intention to find a chair suitable for fishing."
MATCH,등 긁는 효자손 어디 있나요?,신체 가려움 해소 (효자손),효자손,"MATCH | The extracted keyword ""효자손"" directly relates to the user's intention of finding a product that helps relieve body itching, as 효자손 is a tool specifically designed for scratching and alleviating itchiness."
MATCH,기름 요리할 때 얼굴에 안 튀게 막는 거 어디 있어요?,조리 중 화상 방지 (안면 보호 페이스 쉴드),기름 방지막,"MATCH | The extracted keyword ""기름 방지막"" (oil splash guard) is relevant to the user's intention of preventing splashes while cooking with oil, which aligns with the concept of face protection during cooking."
MATCH,입술 트지 말라고 바르는 거 어디 있죠?,"입술 보습 (립밤, 립케어)",립밤,"MATCH | The extracted keyword ""립밤"" (lip balm) directly relates to the target intention of ""입술 보습"" (lip moisturizing), as lip balm is a common product used for lip care and hydration."
MATCH,종이 자를 때 밑에 깔는 초록색 판 어디 있어요?,책상 보호 및 절단 보조 (커팅 매트),커팅 매트,"MATCH | The extracted keyword ""커팅 매트"" directly corresponds to the user's intention of finding a protective cutting mat for use when cutting paper, which aligns perfectly with the description of ""책상 보호 및 절단 보조."""
MATCH,화분 물 빠지는 구멍 막는 망 어디 있나요?,흙 유실 방지 (화분 깔망),망,"MATCH | The keyword ""망"" is relevant as it refers to a mesh or net that can be used to prevent soil loss in pots, aligning with the target intention of finding a product that serves this purpose."
MATCH,차 문 열 때 벽에 안 부딪히게 붙이는 거 어디 있어요?,"문콕 방지 (도어 가드, 스펀지 패드)",방지패드,"MATCH | The extracted keyword ""방지패드"" is relevant as it refers to a type of pad that prevents damage, which aligns with the user's intention of finding a product that prevents the car door from hitting the wall (문콕 방지)."
MISMATCH,손톱 깎고 옆에 다듬는 거 어디 있죠?,"손톱 표면 정리 (네일 파일, 네일 버퍼)",손톱깎이,"MISMATCH | The extracted keyword ""손톱깎이"" (nail clipper) does not match the target intention of ""손톱 표면 정리 (네일 파일, 네일 버퍼)"" (nail surface finishing with nail file or buffer). The intention is specifically about products for smoothing and finishing the nail surface, while the extracted keyword refers to a tool for cutting nails, which does not fulfill the user's request."
MATCH,그... 과자 먹고 남은 거 집어놓는 집게 어디 있어요?,"식품 신선도 유지 밀봉 (봉지 집게, 밀봉 클립)",집게,"MATCH | The extracted keyword ""집게"" (which means ""clip"" or ""tongs"") is relevant to the target intention of maintaining food freshness and sealing, as it refers to a tool used for sealing bags or holding food items. It aligns well with the user's inquiry about where to find a clip for leftover snacks."
MATCH,집 안에서 운동할 때 바닥에 까는 두꺼운 매트 어디 있나요?,"층간소음 방지 및 충격 완화 (홈트레이닝 매트, 요가 매트)",매트,"MATCH | The extracted keyword ""매트"" (mat) is relevant as it directly relates to the user's intention of finding a thick mat for home workouts that provides sound insulation and shock absorption, which aligns with the description of a home training mat or yoga mat."
MISMATCH,신발 앞코 뾰족한 거 발 안 아프게 넣는 거 어디 있어요?,"신발 착용감 개선 (앞코 쿠션, 토 패드)",신발 앞코 뾰족한 거,"MISMATCH | The extracted keyword ""신발 앞코 뾰족한 거"" focuses on the shape of the shoe (pointed toe) rather than the specific need for improving comfort (like cushioning or toe pads) as indicated in the target intention. It does not directly address the user's intention to find products that enhance the wearing comfort of shoes."
MATCH,창문 잠그는 장치... 애들이 못 열게 하는 거 어디 있죠?,"창문 추락 방지 안전장치 (창문 잠금장치, 윈도우 락)",창문 잠금장치,"MATCH | The extracted keyword ""창문 잠금장치"" directly relates to the user's intention of finding a device that prevents children from opening windows, which aligns with the concept of a window locking device for safety."
MATCH,가구 모서리에 부딪혀도 안 아프게 붙이는 거 어디 있어요?,충격 완화 안전 소품 (모서리 보호대),코너 보호대,"MATCH | The extracted keyword ""코너 보호대"" (corner protector) is relevant and aligns well with the target intention of ""충격 완화 안전 소품 (모서리 보호대)"" (shock-absorbing safety item for corners). Both terms refer to products designed to protect against impacts at furniture corners, fulfilling the user's request for a product that minimizes pain from bumping into furniture edges."
MISMATCH,비 올 때 가방 안 젖게 씌우는 거 어디 있나요?,가방 방수 (백팩 레인커버),우산 커버,"MISMATCH | The extracted keyword ""우산 커버"" refers to an umbrella cover, which does not match the target intention of finding a waterproof cover for a bag (specifically a backpack rain cover). The intention is focused on protecting a bag from rain, while the extracted keyword pertains to a different product."
MATCH,주방 싱크대 선반 높이 조절하는 거 어디 있어요?,주방 수납 공간 효율화 (조절식 싱크대 선반),선반,"MATCH | The extracted keyword ""선반"" (shelf) is relevant to the user's intention of finding an adjustable kitchen sink shelf, as it directly relates to the product being sought for efficient kitchen storage."
MATCH,그... 쇠로 된 건데 문 뒤에 걸어서 옷 거는 거 어디 있죠?,벽 타공 없는 수납 (도어 행거),옷걸이,"MATCH | The extracted keyword ""옷걸이"" (clothes hanger) is relevant to the user's intention of finding a product for hanging clothes on a door without wall drilling, as it describes a similar function."
MISMATCH,세면대 뚫는 액체 말고 긴 막대기 같은 거 어디 있어요?,"물리적 배수구 이물질 제거 (배수관 클리너 솔, 집게)",막대기,"MISMATCH | The extracted keyword ""막대기"" (stick) does not specifically relate to the intention of finding a product for physical drain cleaning or removal of foreign substances from the drain. The intention suggests looking for a drain cleaner or a tool like a claw, which is not captured by the term ""막대기."""
MATCH,옷에 이름표 붙일 때 쓰는 테이프 어디 있나요?,의류 소유주 표시 (의류용 네임스티커/테이프),이름표 테이프,"MATCH | The extracted keyword ""이름표 테이프"" directly relates to the user's intention of finding tape used for attaching name tags to clothing, which aligns with the description of ""의류 소유주 표시 (의류용 네임스티커/테이프)."""
MATCH,자동차 바퀴 휠 닦는 거 어디 있어요?,"차량 휠 세척 (휠 클리너, 세차 솔)",휠,"MATCH | The extracted keyword ""휠"" is relevant as it directly relates to the target intention of ""차량 휠 세척,"" which involves cleaning vehicle wheels. While it is a broader term, it still aligns with the user's intent to find products related to wheel cleaning."
MISMATCH,벽지에 낙서한 거 지우는 거 어디 있죠?,"오염 제거용 청소 도구 (매직 블록, 낙서 제거제)",지우개,"MISMATCH | The extracted keyword ""지우개"" (eraser) is too general and does not specifically refer to the cleaning tools intended for removing stains or graffiti from wallpaper, such as ""매직 블록"" (magic block) or ""낙서 제거제"" (graffiti remover). The target intention is looking for specific cleaning products, not just any eraser."
MATCH,다이어리에 구멍 뚫는 기계 어디 있어요?,"문서 결속 보조 (펀치, 타공기)",다이어리 구멍 뚫는 기계,"MATCH | The extracted keyword ""다이어리 구멍 뚫는 기계"" directly describes a machine that punches holes in diaries, which aligns well with the target intention of finding a document binding aid (punch, perforator)."
MATCH,아이들 연필 잡는 법 교정해주는 거 어디 있나요?,바른 글쓰기 습관 보조 (연필 교정 홀더),연필 잡는 법 교정기,"MATCH | The extracted keyword ""연필 잡는 법 교정기"" is relevant as it refers to a device or tool that helps correct the way children hold pencils, which aligns with the target intention of supporting proper writing habits through a pencil correction holder."
MATCH,빨래 건조대 발에 끼우는 거 어디 있어요?,바닥 긁힘 및 미끄럼 방지 (건조대 캡/패드),건조대,"MATCH | The extracted keyword ""건조대"" (drying rack) is relevant to the user's question about where to find a product that prevents scratching and slipping for the drying rack. It aligns with the target intention of finding caps or pads for the drying rack."
MATCH,그... 유리창 닦을 때 쓰는 고무 달린 밀대 어디 있죠?,물기 제거 (유리창 스퀴지),밀대,"MATCH | The extracted keyword ""밀대"" (which translates to ""mop"" or ""squeegee"") is relevant as it refers to the tool used for cleaning windows, aligning with the user's intention of finding a ""유리창 스퀴지"" (window squeegee) for water removal."
MATCH,욕실 실리콘 곰팡이 지우는 젤 어디 있어요?,욕실 위생 관리 (곰팡이 제거 젤),젤,"MATCH | The keyword ""젤"" is relevant as it directly refers to the type of product (gel) that the user is looking for to remove mold in the bathroom, aligning with the target intention of ""욕실 위생 관리 (곰팡이 제거 젤)."""
MATCH,여권 끼우는 커버 어디 있나요?,여권 보호 및 수납 (여권 케이스),여권 커버,"MATCH | The extracted keyword ""여권 커버"" directly relates to the target intention of ""여권 보호 및 수납 (여권 케이스)"" as it refers to a cover for a passport, which serves the purpose of protecting and storing the passport."
MATCH,자전거 바람 넣는 기계 어디 있어요?,공기 주입 도구 (자전거 펌프),펌프,"MATCH | The extracted keyword ""펌프"" (pump) is relevant and helps find the product described in the intention, which is an air injection tool for bicycles. It directly relates to the user's inquiry about where to find a bicycle pump."
MATCH,캠핑 가서 설거지한 거 말리는 망 어디 있죠?,야외 식기 건조 (캠핑용 식기 건조망),망,"MATCH | The extracted keyword ""망"" is relevant as it refers to a type of net or drying rack, which aligns with the user's intention of finding an outdoor dish drying solution for camping."
MATCH,손목 아플 때 쓰는 보호대 어디 있어요?,관절 지지 및 통증 완화 (손목 보호대),보호대,"MATCH | The extracted keyword ""보호대"" (which means ""brace"" or ""support"") is relevant to the user's intention of finding a wrist support for joint support and pain relief. It directly relates to the product described in the intention, making it a suitable search term."
MATCH,반지 너무 클 때 안쪽에 끼우는 거 어디 있나요?,반지 사이즈 조절 (반지 사이즈 조절기/가드),링 사이즈 조정기,"MATCH | The extracted keyword ""링 사이즈 조정기"" is relevant as it refers to a ring size adjustment tool, which aligns with the user's intention of finding a solution for adjusting ring size."
MATCH,냉장고에 붙이는 타이머 어디 있어요?,조리 시간 알림 (자석 주방 타이머),타이머,"MATCH | The extracted keyword ""타이머"" (timer) is relevant and helps find the product described in the intention, which is a cooking time reminder (magnetic kitchen timer) that can be attached to a refrigerator."
MISMATCH,구두 신을 때 뒤에 대는 긴 거 어디 있죠?,신발 착용 보조 (구두주걱),힐컵,"MISMATCH | The extracted keyword ""힐컵"" refers to a heel cup, which is not the same as a shoehorn (구두주걱) that assists in putting on shoes. The user's intention is specifically about a shoehorn for wearing shoes, making the extracted keyword irrelevant."
MATCH,머리 감을 때 쓰는 브러쉬 어디 있어요?,두피 마사지 및 세정 (샴푸 브러쉬),브러쉬,"MATCH | The extracted keyword ""브러쉬"" is relevant as it refers to a brush used for hair washing, which aligns with the target intention of finding a scalp massage and cleansing product (샴푸 브러쉬)."
MISMATCH,방충망 구멍 났을 때 붙이는 스티커 어디 있나요?,방충망 보수 (방충망 보수 테이프),방충망 스티커,"MISMATCH | The extracted keyword ""방충망 스티커"" refers to a sticker for screens, which does not directly match the intention of finding a repair tape for screen holes (""방충망 보수"" or ""방충망 보수 테이프""). The intention specifically seeks a repair solution, while the keyword suggests a different type of product."
MISMATCH,그... 젤리 같은 건데 키보드 먼지 떼는 거 어디 있어요?,틈새 먼지 제거 (클리닝 젤),키보드 먼지 제거기,"MISMATCH | The extracted keyword ""키보드 먼지 제거기"" refers to a device for removing dust from keyboards, while the target intention is specifically about a cleaning gel for removing dust from gaps, which is a different type of product."
MATCH,안경 콧받침만 따로 팔아요?,안경 소모품 교체 (안경 코패드),콧받침,"MATCH | The extracted keyword ""콧받침"" directly refers to the nose pads of glasses, which aligns with the user's intention of looking for replacement parts for glasses, specifically the nose pads (코패드)."
MATCH,이어폰 귀에 닿는 고무 부분만 따로 있나요?,이어폰 소모품 교체 (이어팁),고무 부분,"MATCH | The extracted keyword ""고무 부분"" refers to the rubber part of the earphones, which aligns with the user's intention of finding replacement ear tips (이어팁) for earphones. This keyword is relevant and helps in locating the specific product described in the intention."
MATCH,압축봉 끝에 끼우는 거 어디 있어요?,압축봉 고정력 강화 및 벽 보호 (압축봉 지지대/캡),압축봉 끝에 끼우는 것,"MATCH | The extracted keyword ""압축봉 끝에 끼우는 것"" directly relates to the user's intention of finding a product that enhances the stability of a compression rod and protects the wall, as it describes the action of using a component that fits onto the end of a compression rod."
MATCH,나무 도구 관리할 때 바르는 거 어디 있죠?,"목재 보존 (우드 오일, 도마 관리유)",오일,"MATCH | The keyword ""오일"" (oil) is relevant as it relates to wood preservation products like wood oil, which aligns with the user's intention of finding a product for managing wooden tools."
MATCH,신발장에 넣어두는 냄새 제거제 어디 있어요?,신발장 탈취 (신발장 방향제/탈취제),냄새 제거제,"MATCH | The extracted keyword ""냄새 제거제"" (odor remover) is relevant and aligns with the target intention of finding a product for deodorizing the shoe cabinet. It captures the essence of the user's need for a deodorizing agent, which is essentially what a 탈취제 (deodorizer) or 방향제 (fragrance agent) does."
MISMATCH,그릇 겹쳐 놓을 때 사이에 끼우는 거 어디 있나요?,식기 긁힘 방지 (그릇 보호 패드),접시 정리대,"MISMATCH | The extracted keyword ""접시 정리대"" refers to a dish organizer, which does not directly address the user's intention of finding a protective pad to prevent scratching between stacked dishes. The intention is specifically about a protective item, while the extracted keyword suggests a storage solution."
MATCH,침대 시트 안 밀리게 고정하는 집게 어디 있어요?,침구 정리 유지 (매트리스 시트 고정 집게),집게,"MATCH | The extracted keyword ""집게"" (clip) is relevant as it directly relates to the user's intention of finding a product that helps secure the bed sheet in place, which is described as a ""매트리스 시트 고정 집게"" (mattress sheet fixing clip)."
MATCH,여행 갈 때 샴푸 담는 작은 통 세트 어디 있죠?,화장품 소분 (여행용 공병 세트),샴푸 통,"MATCH | The extracted keyword ""샴푸 통"" (shampoo container) is relevant to the user's intention of finding a small set of containers for travel, specifically for cosmetics. It aligns with the idea of a travel-sized container set, which includes shampoo."
MATCH,도시락 쌀 때 모양 내는 틀 어디 있어요?,"음식 장식 (주먹밥 틀, 컷팅 틀)",도시락 틀,"MATCH | The extracted keyword ""도시락 틀"" (lunch box mold) is relevant as it relates to the user's intention of finding tools for food decoration, specifically molds for shaping rice balls or cutting. It captures the essence of the user's request for a tool to shape food, aligning well with the target intention."
MATCH,수도꼭지에 끼워서 물 방향 바꾸는 거 어디 있나요?,세면대 사용 편의 (수도꼭지 연장/회전 노즐),수도꼭지 방향 전환기,"MATCH | The extracted keyword ""수도꼭지 방향 전환기"" directly relates to the user's intention of finding a product that changes the direction of water flow from a faucet, which aligns with the description of a ""수도꼭지 연장/회전 노즐"" for convenience in using a sink."
MATCH,장바구니 접어서 가방에 쏙 들어가는 거 어디 있어요?,휴대용 장바구니 (접이식 에코백),장바구니,"MATCH | The extracted keyword ""장바구니"" (basket) is relevant as it directly relates to the user's intention of finding a portable folding basket (휴대용 장바구니). While it may not be as specific as the full intention, it is a key term that would help in locating the desired product."
MISMATCH,에어프라이어 밑에 까는 종이 어디 있죠?,조리 기구 오염 방지 (에어프라이어 종이호일),종이,"MISMATCH | The extracted keyword ""종이"" (paper) is too vague and does not specifically refer to the product intended, which is ""에어프라이어 종이호일"" (air fryer paper). The user is looking for a specific type of paper designed for use in an air fryer to prevent contamination, and ""종이"" does not convey that specificity."
MATCH,베개 솜만 따로 파나요?,침구 소모품 구매 (베개 솜 내장재),베개 솜,"MATCH | The extracted keyword ""베개 솜"" directly relates to the user's intention of purchasing pillow filling (베개 솜 내장재), making it a suitable search term to fulfill the intention."
MATCH,옷에 보풀 일어난 거 깎아내는 기계 어디 있어요?,의류 관리 (보풀 제거기),보풀 제거기,"MATCH | The extracted keyword ""보풀 제거기"" directly corresponds to the user's intention of finding a device for removing lint from clothing, which aligns perfectly with the target intention of ""의류 관리 (보풀 제거기)""."
MATCH,방 문 밑에 틈새 막아서 바람 안 들어오게 하는 거 어디 있나요?,외풍 및 벌레 차단 (문하부 밀폐재/틈새막이),틈새막이,"MATCH | The extracted keyword ""틈새막이"" directly relates to the intention of blocking drafts and insects, as it refers to a product designed to seal gaps under doors. This aligns well with the user's request for a solution to prevent wind from entering through the gap under the door."
MISMATCH,가구 긁힌 데 색칠하는 펜 어디 있어요?,"가구 흠집 보수 (우드 마커, 가구 보수 펜)",펜,"MISMATCH | The extracted keyword ""펜"" is too vague and does not specifically indicate the type of pen needed for furniture repair, such as a wood marker or furniture repair pen, which are more aligned with the target intention."
MISMATCH,그... 돌리면 불 나오는 거... 촛불 켤 때 쓰는 거 어디 있죠?,"점화 도구 (가스 점화기, 캔들 라이터)",촛불,"MISMATCH | The extracted keyword ""촛불"" (candle) is related to the user's question about lighting candles, but it does not directly refer to the ignition tool (lighter) that the user is asking for. The target intention specifically mentions ""점화 도구"" (ignition tool), which is not captured by the keyword ""촛불."""
MATCH,손톱에 스티커 붙이는 거 어디 있어요?,셀프 네일 아트 (네일 스티커/팁),스티커,"MATCH | The keyword ""스티커"" (sticker) is relevant as it directly relates to the user's intention of finding nail stickers for self-nail art. It captures the essence of the product being sought."
MATCH,싱크대 밑에 냄비 정리하는 선반 어디 있나요?,싱크대 하부 수납 효율화 (프라이팬/냄비 정리대),선반,"MATCH | The keyword ""선반"" (shelf) is relevant as it relates to organizing pots and pans under the sink, which aligns with the intention of improving storage efficiency for cookware."
MISMATCH,물티슈 뚜껑만 따로 팔아요?,캡형 물티슈 재사용 (물티슈 캡),물티슈,"MISMATCH | The extracted keyword ""물티슈"" is too general and does not specifically address the user's intention of finding a ""캡형 물티슈"" or the cap for wet wipes. The intention focuses on the cap specifically, while the keyword only refers to wet wipes in general."
MATCH,화분 분갈이할 때 쓰는 큰 비닐 매트 어디 있어요?,원예 작업 시 청결 유지 (분갈이 매트),비닐 매트,"MATCH | The extracted keyword ""비닐 매트"" (vinyl mat) is relevant as it directly relates to the user's intention of finding a mat used for repotting plants, which is essential for maintaining cleanliness during gardening tasks."
MISMATCH,차 유리 깨졌을 때 임시로 붙이는 거 어디 있죠?,유리 파손 응급 보수 (유리 보수 테이프),임시 접착제,"MISMATCH | The extracted keyword ""임시 접착제"" (temporary adhesive) does not specifically refer to the product described in the intention, which is ""유리 보수 테이프"" (glass repair tape). While both terms relate to temporary fixes, the intention specifically seeks a type of tape designed for glass repair, making the extracted keyword less relevant."
MATCH,책 페이지 표시하는 끈 같은 거 어디 있나요?,"독서 위치 표시 (책갈피, 북마크)",책 페이지 표시 끈,"MATCH | The extracted keyword ""책 페이지 표시 끈"" translates to ""string for displaying book pages,"" which aligns with the target intention of ""독서 위치 표시 (책갈피, 북마크)"" meaning ""reading position marker (bookmark)."" Both terms refer to items used to mark a page in a book, making the keyword relevant to the user's search for a bookmark or similar product."
MISMATCH,"저기요, 고무장갑 제일 작은 거 어디 있어요?",특정 사이즈(S/소) 고무장갑 찾기,고무장갑,"MISMATCH | The extracted keyword ""고무장갑"" is too general and does not specify the size (S/소) that the user is looking for. The intention is to find a specific size of rubber gloves, so the keyword does not fully match the user's request."
MISMATCH,"혹시 3,000원짜리 슬리퍼 여기 있는 게 다인가요?",특정 가격대 상품의 디자인 다양성 또는 추가 재고 확인,슬리퍼,"MISMATCH | The extracted keyword ""슬리퍼"" (slippers) is too general and does not specifically address the user's intention of inquiring about the variety of designs or additional stock for slippers priced at 3,000 won. The intention focuses on a specific price range and the diversity of options, which is not captured by the single keyword."
MISMATCH,이거 바구니 뚜껑은 따로 안 팔아요?,본체와 별도로 구성품(뚜껑)만 단독 구매 가능 여부 확인,바구니,"MISMATCH | The extracted keyword ""바구니"" (basket) does not specifically address the user's intention to inquire about the separate purchase of the lid (뚜껑) for the basket. The focus of the intention is on the lid as a standalone component, which is not captured by the keyword."
MISMATCH,아이폰 충전기 줄 긴 거 어디 있어요?,길이(1.5m~2m 이상)가 긴 8핀 또는 C to 라이트닝 케이블 찾기,아이폰 충전기,"MISMATCH | The extracted keyword ""아이폰 충전기"" is too general and does not specify the length or type of cable (8-pin or C to Lightning) that the user is looking for. The target intention specifically mentions a long cable (1.5m~2m or more), which is not captured in the extracted keyword."
MISMATCH,종이컵 50개 들어있는 거 어디 있죠?,특정 수량(대용량) 패키지 종이컵 찾기,종이컵,"MISMATCH | The extracted keyword ""종이컵"" (paper cup) is too general and does not specify the quantity of 50 cups, which is crucial for fulfilling the user's intention of finding a specific large quantity package of paper cups."
MATCH,벽에 붙이는 고리 좀 찾으려는데요.,"타공 없는 수납 도구(점착 후크, 흡착 행거) 찾기",고리,"MATCH | The keyword ""고리"" (ring or hook) is relevant as it relates to the user's intention of finding a non-drilling storage tool, such as adhesive hooks or suction hangers, which are types of hooks that can be attached to walls without drilling."
MATCH,여기 건전지 코너가 어디예요?,"건전지(AA, AAA 등) 통합 진열 구역 찾기",건전지,"MATCH | The extracted keyword ""건전지"" directly relates to the user's intention of finding the battery display area, as it specifically refers to batteries, which is the product they are looking for."
MATCH,주방 가위 싼 거 어디 있나요?,"저가형(1,000원~2,000원) 주방용 절단 도구 찾기",주방 가위,"MATCH | The extracted keyword ""주방 가위"" (kitchen scissors) is relevant to the user's intention of finding a low-cost kitchen cutting tool, as it directly refers to a type of kitchen tool that fits within the specified price range."
MATCH,압축팩 큰 사이즈 재고 더 없나요?,이불/의류용 대형 압축팩 추가 물량 확인,압축팩,"MATCH | The extracted keyword ""압축팩"" directly relates to the user's inquiry about the availability of large-sized compression bags, which aligns with the target intention of confirming additional stock for large compression bags used for bedding or clothing."
MATCH,샤워기 헤드 바꾸고 싶은데 어디로 가야 하죠?,욕실 용품 중 수전/교체용 헤드 코너 찾기,샤워기 헤드,"MATCH | The extracted keyword ""샤워기 헤드"" directly relates to the user's intention of finding a replacement showerhead in the bathroom supplies section, making it a suitable search term."
MATCH,박스테이프 투명한 거 어디 있어요?,포장용 투명 OPP 테이프 찾기,박스테이프,"MATCH | The extracted keyword ""박스테이프"" (box tape) is relevant to the target intention of finding ""포장용 투명 OPP 테이프"" (transparent OPP tape for packaging), as both refer to types of tape used for packaging purposes."
MISMATCH,섬유유연제 리필용 어디 있나요?,본품 외 경제적인 리필 파우치 형태 제품 찾기,섬유유연제,"MISMATCH | The extracted keyword ""섬유유연제"" (fabric softener) is too broad and does not specifically indicate the search for refill pouches, which is the focus of the user's intention. The intention is looking for economical refill options, which is not captured by the general term for fabric softener."
MATCH,물티슈 100매짜리 어디 있어요?,대용량(100매 이상) 물티슈 찾기,물티슈,"MATCH | The extracted keyword ""물티슈"" is relevant as it directly relates to the user's intention of finding a large pack (100 sheets or more) of wet wipes. While it does not specify the quantity, it is a general term that encompasses the product the user is looking for."
MATCH,여행용 치약 칫솔 세트 어디 있죠?,휴대용 구강 위생 키트 찾기,치약 칫솔 세트,"MATCH | The extracted keyword ""치약 칫솔 세트"" directly relates to the user's intention of finding a portable oral hygiene kit, as it specifically mentions the toothpaste and toothbrush set that are typically included in such kits."
MATCH,종이 쇼핑백 좀 사고 싶은데요.,선물이나 물건 담기용 종이 가방 찾기,쇼핑백,"MATCH | The extracted keyword ""쇼핑백"" (shopping bag) is relevant to the user's intention of finding paper bags for gifts or carrying items, as it directly relates to the type of product they are looking for."
MATCH,S자 고리 어디에 있나요?,걸이식 수납을 위한 S형 후크 찾기,S자 고리,"MATCH | The extracted keyword ""S자 고리"" directly relates to the user's intention of finding an S-shaped hook for hanging storage, making it a suitable search term."
MATCH,줄 이어폰 아직 팔아요?,블루투스 외 유선 이어폰(3.5mm/C타입) 재고 확인,줄 이어폰,"MATCH | The extracted keyword ""줄 이어폰"" refers to wired earphones, which aligns with the user's intention to check the stock of wired earphones (3.5mm/C-type) along with Bluetooth options."
MATCH,A4 클리어 파일 어디 있어요?,서류 보관용 내지 포함 파일첩 찾기,클리어 파일,"MATCH | The extracted keyword ""클리어 파일"" directly relates to the user's intention of finding a file folder that includes document storage, as ""클리어 파일"" refers to a type of clear file used for organizing documents."
MATCH,반찬통 유리로 된 거 어디 있죠?,내열유리 또는 일반 유리 소재 밀폐용기 찾기,반찬통,"MATCH | The extracted keyword ""반찬통"" (banchan container) is relevant as it refers to a type of container used for storing side dishes, which aligns with the user's intention to find a heat-resistant or regular glass container for food storage."
MATCH,캠핑용 돗자리 어디 있어요?,야외용 매트 또는 은박 돗자리 찾기,돗자리,"MATCH | The extracted keyword ""돗자리"" directly relates to the user's intention of finding an outdoor mat or reflective mat for camping, as ""돗자리"" refers to a mat used for sitting or lying on, which aligns with the search for camping gear."
MATCH,쓰레기 종량제 봉투는 계산대에서 사나요?,구청 지정 쓰레기 봉투 판매 위치 확인,쓰레기 종량제 봉투,"MATCH | The extracted keyword ""쓰레기 종량제 봉투"" directly relates to the user's question about where to purchase the designated garbage bags, aligning well with the target intention of confirming the sales location for these specific bags."
MISMATCH,"우산 5,000원짜리 어디 있어요?",다이소 내 고가(장우산/자동우산) 라인업 찾기,우산,"MISMATCH | The extracted keyword ""우산"" (umbrella) is too general and does not specify the price range or type of umbrella (high-end, automatic) that the user is looking for, which is essential to fulfill the intention of finding a specific lineup at 다이소."
MATCH,애들 노는 클레이 어디 있나요?,"점토 놀이(아이클레이, 컬러 점토) 코너 찾기",클레이,"MATCH | The keyword ""클레이"" (clay) is relevant as it directly relates to the intention of finding a corner for clay play (점토 놀이). It captures the essence of the product being sought, which includes items like 아이클레이 (I-clay) and 컬러 점토 (color clay)."
MATCH,강아지 간식 코너 어디예요?,반려동물 식품(개 간식) 구역 찾기,간식,"MATCH | The keyword ""간식"" (snack) is relevant as it directly relates to the intention of finding a section for pet food, specifically dog snacks. It helps in locating the desired area for dog treats."
MATCH,여자 덧버선 어디 있어요?,신발 밖으로 안 보이는 여성용 페이크삭스 찾기,덧버선,"MATCH | ""덧버선"" refers to a type of women's sock that is designed to be worn with shoes without being visible, which aligns with the intention of finding ""신발 밖으로 안 보이는 여성용 페이크삭스"" (invisible women's fake socks)."
MATCH,주방 세제 퐁퐁 어디 있죠?,식기 세척용 액체 세제 찾기,주방 세제,"MATCH | The extracted keyword ""주방 세제"" (kitchen detergent) is relevant and aligns well with the target intention of finding ""식기 세척용 액체 세제"" (liquid dishwashing detergent), as both terms refer to cleaning products used in the kitchen."
MISMATCH,일회용 면도기 어디 있어요?,여행/비상용 다회 패키지 면도기 찾기,일회용 면도기,"MISMATCH | The extracted keyword ""일회용 면도기"" (disposable razor) does not align with the target intention of finding a ""travel/emergency multi-use package razor,"" which suggests a preference for reusable or multi-use razors rather than disposable ones."
MATCH,3구 멀티탭 어디 있나요?,소켓이 3개인 전원 연장선 찾기,멀티탭,"MATCH | The extracted keyword ""멀티탭"" (which translates to ""power strip"" or ""multi-outlet"") is relevant to the user's intention of finding a power extension with three sockets, as a 멀티탭 typically has multiple outlets."
MATCH,수납함 투명한 거 어디 있어요?,내용물 확인이 쉬운 플라스틱 정리함 찾기,수납함,"MATCH | The extracted keyword ""수납함"" (storage box) is relevant as it directly relates to the user's intention of finding a transparent plastic organizer that allows for easy content visibility."
MATCH,꽃 가위 어디 있죠?,원예용 전정 가위 또는 꽃꽂이 가위 찾기,꽃 가위,"MATCH | The extracted keyword ""꽃 가위"" directly relates to the user's intention of finding ""원예용 전정 가위 또는 꽃꽂이 가위,"" as it specifies a type of scissors used for flowers, which aligns with the search for gardening or floral arrangement scissors."
MATCH,부탄가스 어디 있어요?,휴대용 가스레인지용 연료 찾기,부탄가스,"MATCH | The extracted keyword ""부탄가스"" directly relates to the user's intention of finding fuel for a portable gas stove, as butane gas is commonly used for that purpose."
MATCH,바지 걸이 어디 있나요?,하의 전용 집게형 또는 개방형 옷걸이 찾기,바지 걸이,"MATCH | The extracted keyword ""바지 걸이"" directly relates to the user's intention of finding a specific type of pants hanger, which is a ""하의 전용 집게형 또는 개방형 옷걸이"". The keyword accurately captures the essence of the search for a pants hanger."
MATCH,욕실 실리콘 투명한 거 어디 있어요?,욕실 보수용 투명 충전재/코킹재 찾기,실리콘,"MATCH | The extracted keyword ""실리콘"" (silicone) is relevant as it directly relates to the intention of finding a transparent filling material or caulking material for bathroom repairs."
MATCH,의자 다리에 끼우는 소음 방지 캡 어디 있죠?,가구 이동 소음 및 바닥 긁힘 방지 캡 찾기,소음 방지 캡,"MATCH | The extracted keyword ""소음 방지 캡"" directly relates to the user's intention of finding a product that prevents noise and protects the floor when moving furniture, which aligns well with the target intention."
MATCH,식물 물 주는 분무기 어디 있어요?,원예용 스프레이 공병 찾기,분무기,"MATCH | The extracted keyword ""분무기"" (spray bottle) is relevant and aligns well with the target intention of finding a ""원예용 스프레이 공병"" (gardening spray bottle). It directly refers to the type of product the user is looking for."
MATCH,포스트잇 노란색 어디 있나요?,점착 메모지(표준형) 찾기,포스트잇,"MATCH | The extracted keyword ""포스트잇"" (Post-it) is relevant as it directly refers to the type of sticky note (점착 메모지) the user is looking for, which aligns with the target intention of finding standard sticky notes."
MATCH,빨래 바구니 큰 거 어디 있어요?,대용량 세탁물 보관함 찾기,빨래 바구니,"MATCH | The extracted keyword ""빨래 바구니"" (laundry basket) is relevant to the target intention of finding a ""대용량 세탁물 보관함"" (large capacity laundry storage). While it may not specify the large capacity aspect, it is still a related term that could lead to finding suitable products for storing laundry."
MATCH,커튼 달 때 쓰는 봉 어디 있죠?,못 없이 설치하는 압축봉 또는 일반 커튼봉 찾기,봉,"MATCH | The extracted keyword ""봉"" is relevant as it refers to the rod or pole used for hanging curtains, which aligns with the user's intention of finding a curtain rod (압축봉 또는 일반 커튼봉)."
MATCH,방향제 코너 어디예요?,"디퓨저, 자동 분사기, 젤형 방향제 구역 찾기",방향제,"MATCH | The extracted keyword ""방향제"" (which means ""air freshener"") is relevant as it encompasses the products described in the target intention, such as diffusers, automatic sprayers, and gel-type air fresheners. It helps in locating the section where these products can be found."
MISMATCH,빨래망 사각으로 된 거 어디 있어요?,특정 형태(사각)의 세탁 보호망 찾기,빨래망,"MISMATCH | The extracted keyword ""빨래망"" is too general and does not specify the desired shape (사각) of the laundry net, which is crucial for fulfilling the user's intention of finding a specific type of laundry protection net."
MATCH,핸드폰 거치대 차에서 쓰는 거 어디 있죠?,차량용 송풍구/대시보드 스마트폰 거치대 찾기,핸드폰 거치대,"MATCH | The extracted keyword ""핸드폰 거치대"" (smartphone holder) is relevant and helps find the product described in the intention, which is specifically looking for a vehicle-mounted smartphone holder."
MATCH,양면테이프 강력한 거 어디 있어요?,접착력이 강한 아크릴 또는 폼 양면테이프 찾기,양면테이프,"MATCH | The extracted keyword ""양면테이프"" (double-sided tape) is relevant to the user's intention of finding a strong adhesive double-sided tape, specifically acrylic or foam types. It captures the main product the user is looking for."
MATCH,흰색 실내화 240 사이즈 있나요?,특정 컬러 및 사이즈의 실내화/실습화 확인,실내화,"MATCH | The extracted keyword ""실내화"" (indoor shoes) is relevant as it directly relates to the user's inquiry about a specific color and size of indoor shoes. It helps in finding the product described in the intention."
MATCH,전자레인지용 덮개 어디 있어요?,가열 시 음식 튐 방지용 플라스틱 커버 찾기,덮개,"MATCH | The extracted keyword ""덮개"" (cover) is relevant as it directly relates to the user's intention of finding a plastic cover for preventing food splatter in the microwave."
MATCH,현관문에 붙이는 자석 후크 어디 있죠?,철제문에 부착 가능한 강력 자석 고리 찾기,자석 후크,"MATCH | The extracted keyword ""자석 후크"" is relevant as it directly relates to the user's intention of finding a strong magnetic hook that can be attached to a metal door. The term captures the essence of the product being sought."
MATCH,창문에 붙이는 뽁뽁이 어디 있어요?,단열용 에어캡 시트 찾기,뽁뽁이,"MATCH | The extracted keyword ""뽁뽁이"" refers to bubble wrap or air cap sheets, which aligns with the target intention of finding ""단열용 에어캡 시트"" (insulation air cap sheets). Therefore, it is a reasonable search term to fulfill the intention."
MISMATCH,동전 건전지 어디 있나요?,리튬 단추형 건전지(CR계열) 찾기,건전지,"MISMATCH | The extracted keyword ""건전지"" is too general and does not specify the type of battery the user is looking for, which is a lithium button cell battery (CR series). The intention requires a more specific term to effectively find the desired product."
MATCH,나무 뒤집개 어디 있어요?,조리도구 중 우드 소재 뒤집개 찾기,나무 뒤집개,"MATCH | The extracted keyword ""나무 뒤집개"" directly corresponds to the user's intention of finding a wooden spatula among cooking tools, making it a suitable search term."
MATCH,화장품 담는 작은 공병 어디 있죠?,소분용 펌프/스프레이/크림 용기 찾기,공병,"MATCH | ""공병"" refers to a small container, which aligns with the user's intention of finding small containers for cosmetics, such as pumps, sprays, or cream containers."
MATCH,벽에 자국 안 남는 테이프 어디 있어요?,제거 시 흔적 없는 마스킹 테이프 또는 실리콘 테이프 찾기,테이프,"MATCH | The extracted keyword ""테이프"" (tape) is relevant as it encompasses the type of product the user is looking for, which is a masking tape or silicone tape that leaves no marks. While it is a broad term, it aligns with the user's intention to find a specific type of tape."
MATCH,순간접착제 어디 있나요?,강력하고 빠른 접착이 가능한 액상 접착제 찾기,순간접착제,"MATCH | The extracted keyword ""순간접착제"" (super glue) directly relates to the user's intention of finding a strong and fast-acting liquid adhesive, as 순간접착제 is known for its quick bonding capabilities."
MATCH,스테인리스 빨대 어디 있어요?,다회용 금속 빨대 세트 찾기,스테인리스 빨대,"MATCH | The extracted keyword ""스테인리스 빨대"" (stainless steel straw) is relevant and helps find the product described in the intention, which is looking for a reusable metal straw set."
MATCH,리빙박스 제일 큰 거 어디 있죠?,대용량 의류/잡동사니 수납함 찾기,리빙박스,"MATCH | The extracted keyword ""리빙박스"" (living box) is relevant as it directly relates to the user's intention of finding a large storage box for clothing and miscellaneous items."
MATCH,손잡이 있는 플라스틱 바구니 어디 있어요?,이동이 편리한 수납 바구니 찾기,바구니,"MATCH | The extracted keyword ""바구니"" (basket) is relevant to the user's intention of finding a convenient storage basket with a handle, as it directly relates to the product being sought."
MATCH,미끄럼 방지 패드 어디 있나요?,카페트나 가구 밑에 까는 논슬립 패드 찾기,미끄럼 방지 패드,"MATCH | The extracted keyword ""미끄럼 방지 패드"" directly corresponds to the user's intention of finding a non-slip pad to place under carpets or furniture, making it a suitable search term."
MATCH,페달 밟는 쓰레기통 어디 있어요?,손을 안 쓰고 여는 페달식 휴지통 찾기,페달 쓰레기통,"MATCH | The extracted keyword ""페달 쓰레기통"" directly relates to the user's intention of finding a foot-operated trash can, which is described as a ""페달식 휴지통."" The keyword effectively captures the essential feature of the product the user is looking for."
MATCH,무선 마우스 어디 있나요?,블루투스 또는 리시버형 PC 마우스 찾기,무선 마우스,"MATCH | The extracted keyword ""무선 마우스"" (wireless mouse) aligns well with the target intention of finding a Bluetooth or receiver-type PC mouse, as both types of mice fall under the category of wireless mice."
MATCH,검정색 면 마스크 어디 있어요?,일회용 외 다회용 검은색 천 마스크 찾기,면 마스크,"MATCH | The extracted keyword ""면 마스크"" (cotton mask) is relevant to the user's intention of finding black fabric masks, as it specifies the type of mask (fabric) they are looking for. While it does not explicitly mention ""black"" or ""disposable,"" it aligns well with the intention of finding reusable fabric masks."
MATCH,멀티탭 5미터짜리 있나요?,케이블 길이가 매우 긴 연장선 확인,멀티탭,"MATCH | The keyword ""멀티탭"" (multitap) is relevant as it refers to a power strip, which is likely to be associated with the intention of checking for a long extension cable (5 meters). The user is inquiring about a specific type of multitap, which aligns with the intention of finding a long extension cord."
MATCH,아기들 칫솔 어디 있어요?,영유아용 작은 헤드와 부드러운 모 칫솔 찾기,아기들 칫솔,"MATCH | The extracted keyword ""아기들 칫솔"" directly relates to the target intention of finding a toothbrush suitable for infants, which includes features like a small head and soft bristles. It captures the essence of the user's request effectively."
MATCH,포스터 붙일 때 쓰는 껌 같은 거 어디 있어요?,벽 손상 없는 점착 점토(블루택류) 찾기,포스터 껌,"MATCH | The extracted keyword ""포스터 껌"" refers to a type of adhesive used for sticking posters, which aligns with the user's intention of finding a non-damaging adhesive like blue tack. It captures the essence of the product being sought."
MATCH,신발 탈취제 어디 있나요?,신발 내부 냄새 제거 스프레이나 볼 찾기,탈취제,"MATCH | The extracted keyword ""탈취제"" (deodorizer) is relevant as it directly relates to the intention of finding a product to remove odors from shoes, which includes sprays or balls designed for that purpose."
MATCH,하수구 뚫는 세제 어디 있어요?,배수관 세정제(배수구 뻥) 찾기,하수구 뚫는 세제,"MATCH | The extracted keyword ""하수구 뚫는 세제"" directly relates to the user's intention of finding a ""배수관 세정제"" (drain cleaner). Both phrases refer to a product used for cleaning drains, making the keyword relevant and appropriate for fulfilling the user's search intent."
MATCH,먼지 제거하는 스프레이 어디 있죠?,기기 청소용 에어 스프레이 찾기,먼지 제거 스프레이,"MATCH | The extracted keyword ""먼지 제거 스프레이"" (dust removal spray) is relevant and closely aligns with the target intention of finding a cleaning spray for devices. It captures the essence of the user's request for a spray that removes dust, which is suitable for cleaning purposes."
MATCH,김장용 비닐봉투 큰 거 어디 있어요?,대형 사이즈 김장 비닐 또는 다용도 대형 비닐 찾기,비닐봉투,"MATCH | The extracted keyword ""비닐봉투"" (plastic bag) is relevant as it pertains to the user's intention of finding large-sized plastic bags for kimjang (making kimchi). While it is not as specific as ""대형 사이즈 김장 비닐"" (large-sized kimjang plastic), it still captures the essence of the request for a type of bag suitable for that purpose."
MATCH,전선 정리하는 타이 어디 있나요?,일회용 케이블 타이 또는 벨크로 타이 찾기,전선 정리 타이,"MATCH | The extracted keyword ""전선 정리 타이"" (wire organizing tie) is relevant to the target intention of finding ""일회용 케이블 타이 또는 벨크로 타이"" (disposable cable ties or Velcro ties), as it encompasses the concept of organizing wires, which is closely related to the types of ties mentioned in the intention."
MATCH,가구 밑에 붙이는 부직포 어디 있어요?,긁힘 방지용 접착 부직포 패드 찾기,부직포,"MATCH | The extracted keyword ""부직포"" (non-woven fabric) is relevant as it directly relates to the product described in the intention, which is a non-woven fabric pad used to prevent scratches. While it is not as specific as the full intention, it is a key component of the product being sought."
MATCH,보풀 제거기 어디 있죠?,의류 보풀 제거용 전동 기기 찾기,보풀 제거기,"MATCH | The extracted keyword ""보풀 제거기"" directly refers to a device used for removing lint from clothing, which aligns perfectly with the target intention of finding an electric lint remover for clothing."
MATCH,택배 쌀 때 쓰는 뽁뽁이 어디 있어요?,포장용 완충 에어캡 찾기,뽁뽁이,"MATCH | The extracted keyword ""뽁뽁이"" refers to bubble wrap, which is a type of packaging material used for cushioning items during shipping. This aligns well with the target intention of finding ""포장용 완충 에어캡"" (packaging cushioning air cap), as both terms relate to protective packaging materials."
MATCH,탁상용 거울 어디 있나요?,책상에 세워두는 화장용 거울 찾기,거울,"MATCH | The extracted keyword ""거울"" (mirror) is relevant to the user's intention of finding a ""탁상용 거울"" (desk mirror) for makeup purposes. It captures the essential product type the user is looking for, even though it is somewhat general."
MATCH,옷에 먼지 떼는 돌돌이 어디 있어요?,테이프 크리너(리클리너) 본체 또는 세트 찾기,돌돌이,"MATCH | The keyword ""돌돌이"" refers to a lint roller or tape cleaner, which aligns with the user's intention to find a tape cleaner (리클리너) or its set."
MATCH,욕실 곰팡이 제거제 어디 있나요?,타일이나 실리콘 곰팡이 세정제 찾기,곰팡이 제거제,"MATCH | The extracted keyword ""곰팡이 제거제"" (mold remover) is relevant and aligns well with the target intention of finding a cleaning product for mold on tiles or silicone. It captures the essence of the user's request for a mold removal solution."
MATCH,자전거 자물쇠 번호로 된 거 어디 있어요?,다이얼식 자전거 잠금장치 찾기,자전거 자물쇠,"MATCH | The extracted keyword ""자전거 자물쇠"" (bicycle lock) is relevant and helps in finding the product described in the intention, which is a ""다이얼식 자전거 잠금장치"" (dial-type bicycle lock). The keyword captures the essence of the user's request for a bicycle lock, aligning well with the target intention."
MATCH,주방용 타이머 어디 있나요?,요리 시간 측정용 디지털/아날로그 타이머 찾기,타이머,"MATCH | The extracted keyword ""타이머"" directly relates to the user's intention of finding a cooking timer, which can be either digital or analog. It is a relevant term that helps in locating the desired product."
MATCH,선물 포장 리본 어디 있어요?,장식용 리본 끈 또는 타이 찾기,리본,"MATCH | The extracted keyword ""리본"" (ribbon) is relevant to the user's intention of finding decorative ribbon ties or strings, as it directly refers to the item they are looking for."
MATCH,차량용 충전 잭 어디 있죠?,시거잭 전원 소켓 또는 USB 충전기 찾기,충전 잭,"MATCH | The extracted keyword ""충전 잭"" (charging jack) is relevant to the target intention of finding a ""시거잭 전원 소켓 또는 USB 충전기"" (cigarette lighter power socket or USB charger), as it pertains to charging devices in vehicles."
MATCH,팔굽혀펴기 하는 기구 어디 있나요?,홈트레이닝용 푸쉬업 바 찾기,팔굽혀펴기 기구,"MATCH | The extracted keyword ""팔굽혀펴기 기구"" (push-up equipment) is relevant to the user's intention of finding ""홈트레이닝용 푸쉬업 바"" (home training push-up bars), as both terms relate to equipment used for push-ups."
MATCH,창문 닦는 밀대 어디 있어요?,윈도우 스퀴지 또는 연장형 유리창 닦이 찾기,밀대,"MATCH | ""밀대"" refers to a type of cleaning tool, which aligns with the user's intention of finding a window squeegee or an extendable window cleaner. It is a relevant term for the product being sought."
MATCH,안경 닦는 천 어디 있나요?,극세사 안경 클리너 찾기,안경 닦는 천,"MATCH | The extracted keyword ""안경 닦는 천"" translates to ""glasses cleaning cloth,"" which is relevant to the target intention of finding a ""극세사 안경 클리너"" (microfiber glasses cleaner). Both terms refer to cleaning products for glasses, making the keyword suitable for fulfilling the user's intention."
MATCH,어항 꾸미는 돌 어디 있어요?,수족관용 바닥재/자갈 찾기,돌,"MATCH | The keyword ""돌"" (stone) is relevant as it refers to a type of material that can be used for decorating an aquarium, aligning with the intention of finding aquarium substrate or gravel."
MATCH,다이어리 꾸미는 스티커 어디 있죠?,다꾸용 데코 스티커 코너 찾기,스티커,"MATCH | The extracted keyword ""스티커"" is relevant as it directly relates to the user's intention of finding decorative stickers for diary decoration (다꾸). It captures the essence of what the user is looking for, which is a specific type of sticker."
MATCH,문 쾅 안 닫히게 하는 스토퍼 어디 있어요?,문 고정용 말굽 또는 바닥 고정형 스토퍼 찾기,스토퍼,"MATCH | The extracted keyword ""스토퍼"" is relevant as it directly relates to the user's intention of finding a door stopper, which is a product that can prevent a door from closing."
MATCH,에어컨 세정제 어디 있나요?,에어컨 내부 필터/냉각핀 청소 스프레이 찾기,에어컨 세정제,"MATCH | The extracted keyword ""에어컨 세정제"" directly relates to the user's intention of finding a cleaning spray for the air conditioner's internal filter and cooling fins, as it encompasses the general category of air conditioner cleaning products."
MATCH,철 수세미 어디 있어요?,찌든 때 제거용 금속 수세미 찾기,철 수세미,"MATCH | The extracted keyword ""철 수세미"" directly refers to a metal scrubber, which aligns with the target intention of finding a metal scrubber for removing stubborn stains."
MATCH,머리끈 검정색 어디 있나요?,기본형 검은색 고무줄 또는 머리끈 찾기,머리끈,"MATCH | The extracted keyword ""머리끈"" (hair tie) directly relates to the user's intention of finding a black rubber band or hair tie, as it is a specific term for the product they are looking for."
MATCH,기름종이 어디 있어요?,얼굴 피지 제거용 페이셜 페이퍼 찾기,기름종이,"MATCH | The extracted keyword ""기름종이"" (which translates to ""oil paper"") is relevant to the target intention of finding facial paper for removing facial oil. It directly relates to the product described, making it a suitable search term."
MISMATCH,발뒤꿈치 미는 거 어디 있죠?,각질 제거용 콘커터 또는 풋 파일 찾기,발뒤꿈치 밀기,"MISMATCH | The extracted keyword ""발뒤꿈치 밀기"" translates to ""heel scraping,"" which does not directly refer to the products mentioned in the target intention, such as a ""각질 제거용 콘커터"" (callus remover) or ""풋 파일"" (foot file). The intention is specifically looking for tools for removing dead skin, while the keyword focuses on the action rather than the product itself."
MATCH,상토나 배양토 어디 있어요?,원예용 흙 제품 찾기,상토,"MATCH | ""상토"" is a type of soil used for gardening, which aligns with the user's intention of finding horticultural soil products."
MATCH,에어프라이어용 종이 호일 어디 있나요?,에프용 원형/사각 종이 호일 패키지 찾기,종이 호일,"MATCH | The extracted keyword ""종이 호일"" (paper foil) is relevant to the user's intention of finding ""에프용 원형/사각 종이 호일 패키지"" (round/square paper foil packages for air fryers). It captures the essential product type the user is looking for, which is paper foil specifically for use with an air fryer."
MATCH,와인 오프너 어디 있어요?,코르크 따개 또는 다용도 병따개 찾기,와인 오프너,"MATCH | The extracted keyword ""와인 오프너"" directly relates to the user's intention of finding a corkscrew or a multi-purpose bottle opener, as it translates to ""wine opener,"" which is a type of corkscrew."
MATCH,싱크대 배수구 거름망 어디 있죠?,음식물 쓰레기 걸러주는 배수구망 찾기,거름망,"MATCH | The extracted keyword ""거름망"" directly refers to a type of filter or mesh used to catch food waste in a sink drain, which aligns well with the target intention of finding a drain filter that helps in filtering food waste."
MATCH,캠핑용 조명 어디 있어요?,야외용 랜턴 또는 감성 전구 찾기,조명,"MATCH | The keyword ""조명"" (lighting) is relevant as it encompasses outdoor lanterns and ambient bulbs, which aligns with the user's intention of finding camping lights."
MISMATCH,실내화 주머니 어디 있나요?,신발 가방 또는 보관용 파우치 찾기,주머니,"MISMATCH | The extracted keyword ""주머니"" (pocket) does not directly relate to the intention of finding a ""신발 가방 또는 보관용 파우치"" (shoe bag or storage pouch). The intention is specifically about locating a type of bag or pouch for shoes, while ""주머니"" refers to a pocket, which is not the same as a bag or pouch."
MATCH,붙이는 핫팩 어디 있어요?,의류 부착형 발열 패치 찾기,핫팩,"MATCH | The extracted keyword ""핫팩"" (hot pack) is relevant as it refers to a type of heating pad that can be attached to clothing, aligning with the user's intention to find ""의류 부착형 발열 패치"" (clothing attachment heating patch)."
MATCH,방충망 보수 테이프 어디 있죠?,구멍 난 방충망 수선용 스티커 찾기,방충망 보수 테이프,"MATCH | The extracted keyword ""방충망 보수 테이프"" refers to a repair tape for screens, which aligns well with the user's intention of finding a sticker for repairing a hole in a screen. Both terms relate to the same product category for fixing screen issues."
MATCH,욕실 청소용 솔 어디 있어요?,바닥이나 타일 닦는 세척 솔 찾기,욕실 청소용 솔,"MATCH | The extracted keyword ""욕실 청소용 솔"" (bathroom cleaning brush) is relevant and aligns well with the target intention of finding a cleaning brush for floors or tiles, as it specifies a type of cleaning tool used in the bathroom context."
MATCH,자석 화이트보드 어디 있나요?,메모용 보드판 및 관련 용품 찾기,자석 화이트보드,"MATCH | The extracted keyword ""자석 화이트보드"" directly relates to the user's intention of finding a memo board and related supplies, as it specifies a type of memo board (magnetic whiteboard) that fits the description."
MATCH,렌즈 세척액 어디 있어요?,콘택트렌즈용 다목적 용액(리뉴 등) 찾기,렌즈 세척액,"MATCH | ""렌즈 세척액"" refers to a cleaning solution for lenses, which aligns with the intention of finding a multi-purpose solution for contact lenses, such as ReNu. The extracted keyword is relevant and helps in locating the desired product."
MATCH,바느질 세트 어디 있나요?,비상용 실/바늘 키트 찾기,바느질 세트,"MATCH | The extracted keyword ""바느질 세트"" (sewing set) is relevant to the target intention of finding an emergency thread/needle kit, as it encompasses the general category of sewing supplies, which includes the items mentioned in the intention."
